1,2,-3.8635,1.7332,-3.9475,1.4209,-1.3165e-07
1,3,-3.8635,1.7332,-2.3934,1.432,-1.3041e-07
1,4,-3.8635,1.7332,-4.049,1.4289,-1.2988e-07
1,5,-3.8635,1.7332,-3.8464,1.729,-1.2548e-07
1,6,-3.8635,1.7332,-3.8356,1.4182,-1.3181e-07
1,7,-3.8635,1.7332,-2.9112,1.3925,-1.2842e-07
1,8,-3.8635,1.7332,-1.9535,1.7524,-1.297e-07
1,9,-3.8635,1.7332,-3.6679,1.739,-1.1924e-07
1,10,-3.8635,1.7332,-0.41621,1.7981,-1.2617e-07
1,11,-3.8635,1.7332,-4.7824,1.9148,-1.1261e-07
1,12,-3.8635,1.7332,-4.1833,1.2502,-1.2638e-07
1,13,-3.8635,1.7332,-2.6729,1.9823,-1.1309e-07
1,14,-3.8635,1.7332,-3.2582,1.1856,-1.2417e-07
1,15,-3.8635,1.7332,-4.2017,1.7902,-1.1895e-07
1,16,-3.8635,1.7332,-1.341,1.8223,-1.2601e-07
1,17,-3.8635,1.7332,-4.3954,1.795,-1.1887e-07
1,18,-3.8635,1.7332,-1.8322,1.8141,-1.2597e-07
1,19,-3.8635,1.7332,-4.2568,1.7993,-1.1884e-07
1,20,-3.8635,1.7332,-0.84612,1.7946,-1.2595e-07
1,21,-3.8635,1.7332,-2.3282,1.9896,-1.127e-07
1,22,-3.8635,1.7332,-2.3222,1.6677,-1.2546e-07
1,23,-3.8635,1.7332,-3.4608,1.9747,-1.143e-07
1,24,-3.8635,1.7332,-3.9445,1.1964,-1.2406e-07
1,25,-3.8635,1.7332,-1.971,1.1597,-1.2119e-07
1,26,-3.8635,1.7332,-1.6217,1.9558,-1.1772e-07
1,27,-3.8635,1.7332,-4.0263,1.9147,-1.1235e-07
1,28,-3.8635,1.7332,-0.46781,1.918,-1.2135e-07
1,29,-3.8635,1.7332,-1.7753,1.1736,-1.1847e-07
1,30,-3.8635,1.7332,-4.0864,1.2204,-1.2546e-07
1,31,-3.8635,1.7332,-3.7308,1.9383,-1.1187e-07
1,32,-3.8635,1.7332,-2.8472,1.979,-1.2013e-07
1,33,-3.8635,1.7332,-2.5373,2.2849,-8.9903e-08
1,34,-3.8635,1.7332,-0.85235,2.291,-9.1015e-08
1,35,-3.8635,1.7332,-7.2003,0.46719,-7.6367e-11
1,36,-3.8635,1.7332,-7.1357,2.8462,8.6242e-11
1,37,-3.8635,1.7332,-5.9264,0.29628,1.2324e-08
1,38,-3.8635,1.7332,-6.8305,1.4213,1.2744e-08
1,39,-3.8635,1.7332,-7.6573,1.0787,8.0279e-10
1,40,-3.8635,1.7332,-7.1797,2.0081,7.5264e-10
1,41,-3.8635,1.7332,-6.7558,0.071307,-1.2238e-10
1,42,-3.8635,1.7332,-7.0942,2.5105,-6.1475e-10
1,43,-3.8635,1.7332,-6.008,1.3141,-2.6646e-08
1,44,-3.8635,1.7332,-5.9648,1.7855,-2.5287e-08
1,45,-3.8635,1.7332,-6.5568,0.70734,2.5298e-09
1,46,-3.8635,1.7332,-6.4919,3.1112,-1.1519e-09
1,47,-3.8635,1.7332,-6.0823,2.6445,-7.8748e-09
1,48,-3.8635,1.7332,-6.0779,0.47574,-8.997e-09
1,49,-3.8635,1.7332,-6.5641,0.25413,-1.8877e-09
1,50,-3.8635,1.7332,-6.5411,1.3214,-1.7608e-09
1,51,-3.8635,1.7332,-6.2728,0.78381,8.3947e-09
1,52,-3.8635,1.7332,-6.3483,2.1461,7.9535e-09
1,53,-3.8635,1.7332,-6.3853,1.3995,9.5863e-09
1,54,-3.8635,1.7332,-6.4686,1.6651,9.4204e-09
1,55,-3.8635,1.7332,-6.8323,3.0988,2.7311e-11
1,56,-3.8635,1.7332,-6.7719,0.1916,6.8965e-11
1,57,-3.8635,1.7332,-6.1662,1.8883,9.416e-09
1,58,-3.8635,1.7332,-6.1615,0.78448,1.0092e-08
1,59,-3.8635,1.7332,-5.6626,1.5697,-5.6201e-09
1,60,-3.8635,1.7332,-6.1383,2.5785,-6.3156e-09
1,61,-3.8635,1.7332,-6.4417,0.10916,-5.943e-10
1,62,-3.8635,1.7332,-6.4612,2.9936,-7.4277e-10
1,63,-3.8635,1.7332,-6.8065,2.9372,8.8087e-10
1,64,-3.8635,1.7332,-6.7499,0.36746,8.1984e-10
2,3,-3.9475,1.4209,-2.3934,1.432,-1.2217e-07
2,4,-3.9475,1.4209,-4.049,1.4289,-1.2379e-07
2,5,-3.9475,1.4209,-3.8464,1.729,-1.2573e-07
2,6,-3.9475,1.4209,-3.8356,1.4182,-1.2495e-07
2,7,-3.9475,1.4209,-2.9112,1.3925,-1.197e-07
2,8,-3.9475,1.4209,-1.9535,1.7524,-1.2811e-07
2,9,-3.9475,1.4209,-3.6679,1.739,-1.2175e-07
2,10,-3.9475,1.4209,-0.41621,1.7981,-1.2535e-07
2,11,-3.9475,1.4209,-4.7824,1.9148,-1.1751e-07
2,12,-3.9475,1.4209,-4.1833,1.2502,-1.1596e-07
2,13,-3.9475,1.4209,-2.6729,1.9823,-1.1853e-07
2,14,-3.9475,1.4209,-3.2582,1.1856,-1.1138e-07
2,15,-3.9475,1.4209,-4.2017,1.7902,-1.2164e-07
2,16,-3.9475,1.4209,-1.341,1.8223,-1.2536e-07
2,17,-3.9475,1.4209,-4.3954,1.795,-1.2161e-07
2,18,-3.9475,1.4209,-1.8322,1.8141,-1.2537e-07
2,19,-3.9475,1.4209,-4.2568,1.7993,-1.2162e-07
2,20,-3.9475,1.4209,-0.84612,1.7946,-1.254e-07
2,21,-3.9475,1.4209,-2.3282,1.9896,-1.1833e-07
2,22,-3.9475,1.4209,-2.3222,1.6677,-1.2178e-07
2,23,-3.9475,1.4209,-3.4608,1.9747,-1.1965e-07
2,24,-3.9475,1.4209,-3.9445,1.1964,-1.1151e-07
2,25,-3.9475,1.4209,-1.971,1.1597,-1.0826e-07
2,26,-3.9475,1.4209,-1.6217,1.9558,-1.2235e-07
2,27,-3.9475,1.4209,-4.0263,1.9147,-1.175e-07
2,28,-3.9475,1.4209,-0.46781,1.918,-1.2369e-07
2,29,-3.9475,1.4209,-1.7753,1.1736,-1.0566e-07
2,30,-3.9475,1.4209,-4.0864,1.2204,-1.1439e-07
2,31,-3.9475,1.4209,-3.7308,1.9383,-1.1735e-07
2,32,-3.9475,1.4209,-2.8472,1.979,-1.2318e-07
2,33,-3.9475,1.4209,-2.5373,2.2849,-1.0099e-07
2,34,-3.9475,1.4209,-0.85235,2.291,-1.0226e-07
2,35,-3.9475,1.4209,-7.2003,0.46719,-3.3657e-11
2,36,-3.9475,1.4209,-7.1357,2.8462,1.4389e-10
2,37,-3.9475,1.4209,-5.9264,0.29628,1.473e-08
2,38,-3.9475,1.4209,-6.8305,1.4213,1.4914e-08
2,39,-3.9475,1.4209,-7.6573,1.0787,5.8927e-10
2,40,-3.9475,1.4209,-7.1797,2.0081,5.4067e-10
2,41,-3.9475,1.4209,-6.7558,0.071307,5.4635e-11
2,42,-3.9475,1.4209,-7.0942,2.5105,-7.6329e-10
2,43,-3.9475,1.4209,-6.008,1.3141,-2.5988e-08
2,44,-3.9475,1.4209,-5.9648,1.7855,-2.5155e-08
2,45,-3.9475,1.4209,-6.5568,0.70734,2.7159e-09
2,46,-3.9475,1.4209,-6.4919,3.1112,-2.5783e-10
2,47,-3.9475,1.4209,-6.0823,2.6445,-1.0028e-08
2,48,-3.9475,1.4209,-6.0779,0.47574,-1.1414e-08
2,49,-3.9475,1.4209,-6.5641,0.25413,-1.8008e-10
2,50,-3.9475,1.4209,-6.5411,1.3214,-2.0722e-10
2,51,-3.9475,1.4209,-6.2728,0.78381,9.777e-09
2,52,-3.9475,1.4209,-6.3483,2.1461,9.2728e-09
2,53,-3.9475,1.4209,-6.3853,1.3995,9.8576e-09
2,54,-3.9475,1.4209,-6.4686,1.6651,9.6664e-09
2,55,-3.9475,1.4209,-6.8323,3.0988,-7.443e-11
2,56,-3.9475,1.4209,-6.7719,0.1916,-1.2267e-10
2,57,-3.9475,1.4209,-6.1662,1.8883,1.0128e-08
2,58,-3.9475,1.4209,-6.1615,0.78448,1.0825e-08
2,59,-3.9475,1.4209,-5.6626,1.5697,-6.6267e-09
2,60,-3.9475,1.4209,-6.1383,2.5785,-9.0858e-09
2,61,-3.9475,1.4209,-6.4417,0.10916,5.5745e-10
2,62,-3.9475,1.4209,-6.4612,2.9936,3.249e-10
2,63,-3.9475,1.4209,-6.8065,2.9372,9.2095e-10
2,64,-3.9475,1.4209,-6.7499,0.36746,1.096e-09
3,4,-2.3934,1.432,-4.049,1.4289,-1.2717e-07
3,5,-2.3934,1.432,-3.8464,1.729,-1.2668e-07
3,6,-2.3934,1.432,-3.8356,1.4182,-1.2864e-07
3,7,-2.3934,1.432,-2.9112,1.3925,-1.242e-07
3,8,-2.3934,1.432,-1.9535,1.7524,-1.2996e-07
3,9,-2.3934,1.432,-3.6679,1.739,-1.2176e-07
3,10,-2.3934,1.432,-0.41621,1.7981,-1.2693e-07
3,11,-2.3934,1.432,-4.7824,1.9148,-1.166e-07
3,12,-2.3934,1.432,-4.1833,1.2502,-1.209e-07
3,13,-2.3934,1.432,-2.6729,1.9823,-1.175e-07
3,14,-2.3934,1.432,-3.2582,1.1856,-1.1726e-07
3,15,-2.3934,1.432,-4.2017,1.7902,-1.2158e-07
3,16,-2.3934,1.432,-1.341,1.8223,-1.2688e-07
3,17,-2.3934,1.432,-4.3954,1.795,-1.2153e-07
3,18,-2.3934,1.432,-1.8322,1.8141,-1.2687e-07
3,19,-2.3934,1.432,-4.2568,1.7993,-1.2153e-07
3,20,-2.3934,1.432,-0.84612,1.7946,-1.2688e-07
3,21,-2.3934,1.432,-2.3282,1.9896,-1.1717e-07
3,22,-2.3934,1.432,-2.3222,1.6677,-1.2448e-07
3,23,-2.3934,1.432,-3.4608,1.9747,-1.1866e-07
3,24,-2.3934,1.432,-3.9445,1.1964,-1.173e-07
3,25,-2.3934,1.432,-1.971,1.1597,-1.142e-07
3,26,-2.3934,1.432,-1.6217,1.9558,-1.2171e-07
3,27,-2.3934,1.432,-4.0263,1.9147,-1.1649e-07
3,28,-2.3934,1.432,-0.46781,1.918,-1.2403e-07
3,29,-2.3934,1.432,-1.7753,1.1736,-1.1157e-07
3,30,-2.3934,1.432,-4.0864,1.2204,-1.1958e-07
3,31,-2.3934,1.432,-3.7308,1.9383,-1.1623e-07
3,32,-2.3934,1.432,-2.8472,1.979,-1.2323e-07
3,33,-2.3934,1.432,-2.5373,2.2849,-9.7709e-08
3,34,-2.3934,1.432,-0.85235,2.291,-9.8916e-08
3,35,-2.3934,1.432,-7.2003,0.46719,-5.1836e-11
3,36,-2.3934,1.432,-7.1357,2.8462,1.2558e-10
3,37,-2.3934,1.432,-5.9264,0.29628,1.3939e-08
3,38,-2.3934,1.432,-6.8305,1.4213,1.423e-08
3,39,-2.3934,1.432,-7.6573,1.0787,6.7781e-10
3,40,-2.3934,1.432,-7.1797,2.0081,6.2232e-10
3,41,-2.3934,1.432,-6.7558,0.071307,-1.4326e-11
3,42,-2.3934,1.432,-7.0942,2.5105,-7.1815e-10
3,43,-2.3934,1.432,-6.008,1.3141,-2.6498e-08
3,44,-2.3934,1.432,-5.9648,1.7855,-2.5413e-08
3,45,-2.3934,1.432,-6.5568,0.70734,2.6741e-09
3,46,-2.3934,1.432,-6.4919,3.1112,-5.9994e-10
3,47,-2.3934,1.432,-6.0823,2.6445,-9.3177e-09
3,48,-2.3934,1.432,-6.0779,0.47574,-1.0593e-08
3,49,-2.3934,1.432,-6.5641,0.25413,-8.2405e-10
3,50,-2.3934,1.432,-6.5411,1.3214,-7.819e-10
3,51,-2.3934,1.432,-6.2728,0.78381,9.3472e-09
3,52,-2.3934,1.432,-6.3483,2.1461,8.8668e-09
3,53,-2.3934,1.432,-6.3853,1.3995,9.8526e-09
3,54,-2.3934,1.432,-6.4686,1.6651,9.6686e-09
3,55,-2.3934,1.432,-6.8323,3.0988,-3.4873e-11
3,56,-2.3934,1.432,-6.7719,0.1916,-4.2865e-11
3,57,-2.3934,1.432,-6.1662,1.8883,9.95e-09
3,58,-2.3934,1.432,-6.1615,0.78448,1.0643e-08
3,59,-2.3934,1.432,-5.6626,1.5697,-6.3138e-09
3,60,-2.3934,1.432,-6.1383,2.5785,-8.1384e-09
3,61,-2.3934,1.432,-6.4417,0.10916,1.2924e-10
3,62,-2.3934,1.432,-6.4612,2.9936,-7.3208e-11
3,63,-2.3934,1.432,-6.8065,2.9372,9.1966e-10
3,64,-2.3934,1.432,-6.7499,0.36746,9.8774e-10
4,5,-4.049,1.4289,-3.8464,1.729,-1.2801e-07
4,6,-4.049,1.4289,-3.8356,1.4182,-1.2777e-07
4,7,-4.049,1.4289,-2.9112,1.3925,-1.2254e-07
4,8,-4.049,1.4289,-1.9535,1.7524,-1.3058e-07
4,9,-4.049,1.4289,-3.6679,1.739,-1.2378e-07
4,10,-4.049,1.4289,-0.41621,1.7981,-1.277e-07
4,11,-4.049,1.4289,-4.7824,1.9148,-1.1927e-07
4,12,-4.049,1.4289,-4.1833,1.2502,-1.189e-07
4,13,-4.049,1.4289,-2.6729,1.9823,-1.2027e-07
4,14,-4.049,1.4289,-3.2582,1.1856,-1.1439e-07
4,15,-4.049,1.4289,-4.2017,1.7902,-1.2366e-07
4,16,-4.049,1.4289,-1.341,1.8223,-1.2769e-07
4,17,-4.049,1.4289,-4.3954,1.795,-1.2362e-07
4,18,-4.049,1.4289,-1.8322,1.8141,-1.277e-07
4,19,-4.049,1.4289,-4.2568,1.7993,-1.2363e-07
4,20,-4.049,1.4289,-0.84612,1.7946,-1.2773e-07
4,21,-4.049,1.4289,-2.3282,1.9896,-1.2005e-07
4,22,-4.049,1.4289,-2.3222,1.6677,-1.2427e-07
4,23,-4.049,1.4289,-3.4608,1.9747,-1.2143e-07
4,24,-4.049,1.4289,-3.9445,1.1964,-1.1451e-07
4,25,-4.049,1.4289,-1.971,1.1597,-1.1121e-07
4,26,-4.049,1.4289,-1.6217,1.9558,-1.2424e-07
4,27,-4.049,1.4289,-4.0263,1.9147,-1.1924e-07
4,28,-4.049,1.4289,-0.46781,1.918,-1.2577e-07
4,29,-4.049,1.4289,-1.7753,1.1736,-1.0854e-07
4,30,-4.049,1.4289,-4.0864,1.2204,-1.1734e-07
4,31,-4.049,1.4289,-3.7308,1.9383,-1.1906e-07
4,32,-4.049,1.4289,-2.8472,1.979,-1.252e-07
4,33,-4.049,1.4289,-2.5373,2.2849,-1.0197e-07
4,34,-4.049,1.4289,-0.85235,2.291,-1.0326e-07
4,35,-4.049,1.4289,-7.2003,0.46719,-3.7525e-11
4,36,-4.049,1.4289,-7.1357,2.8462,1.4154e-10
4,37,-4.049,1.4289,-5.9264,0.29628,1.4823e-08
4,38,-4.049,1.4289,-6.8305,1.4213,1.5026e-08
4,39,-4.049,1.4289,-7.6573,1.0787,6.1625e-10
4,40,-4.049,1.4289,-7.1797,2.0081,5.674e-10
4,41,-4.049,1.4289,-6.7558,0.071307,4.2055e-11
4,42,-4.049,1.4289,-7.0942,2.5105,-7.6553e-10
4,43,-4.049,1.4289,-6.008,1.3141,-2.651e-08
4,44,-4.049,1.4289,-5.9648,1.7855,-2.5623e-08
4,45,-4.049,1.4289,-6.5568,0.70734,2.7509e-09
4,46,-4.049,1.4289,-6.4919,3.1112,-3.3084e-10
4,47,-4.049,1.4289,-6.0823,2.6445,-1.0042e-08
4,48,-4.049,1.4289,-6.0779,0.47574,-1.144e-08
4,49,-4.049,1.4289,-6.5641,0.25413,-3.1433e-10
4,50,-4.049,1.4289,-6.5411,1.3214,-3.3114e-10
4,51,-4.049,1.4289,-6.2728,0.78381,9.8491e-09
4,52,-4.049,1.4289,-6.3483,2.1461,9.3384e-09
4,53,-4.049,1.4289,-6.3853,1.3995,1.0015e-08
4,54,-4.049,1.4289,-6.4686,1.6651,9.8226e-09
4,55,-4.049,1.4289,-6.8323,3.0988,-6.8025e-11
4,56,-4.049,1.4289,-6.7719,0.1916,-1.1096e-10
4,57,-4.049,1.4289,-6.1662,1.8883,1.0256e-08
4,58,-4.049,1.4289,-6.1615,0.78448,1.0967e-08
4,59,-4.049,1.4289,-5.6626,1.5697,-6.6699e-09
4,60,-4.049,1.4289,-6.1383,2.5785,-9.0348e-09
4,61,-4.049,1.4289,-6.4417,0.10916,4.7936e-10
4,62,-4.049,1.4289,-6.4612,2.9936,2.4919e-10
4,63,-4.049,1.4289,-6.8065,2.9372,9.3428e-10
4,64,-4.049,1.4289,-6.7499,0.36746,1.0966e-09
5,6,-3.8464,1.729,-3.8356,1.4182,-1.3199e-07
5,7,-3.8464,1.729,-2.9112,1.3925,-1.286e-07
5,8,-3.8464,1.729,-1.9535,1.7524,-1.2986e-07
5,9,-3.8464,1.729,-3.6679,1.739,-1.1938e-07
5,10,-3.8464,1.729,-0.41621,1.7981,-1.2632e-07
5,11,-3.8464,1.729,-4.7824,1.9148,-1.1274e-07
5,12,-3.8464,1.729,-4.1833,1.2502,-1.2656e-07
5,13,-3.8464,1.729,-2.6729,1.9823,-1.1321e-07
5,14,-3.8464,1.729,-3.2582,1.1856,-1.2436e-07
5,15,-3.8464,1.729,-4.2017,1.7902,-1.1909e-07
5,16,-3.8464,1.729,-1.341,1.8223,-1.2617e-07
5,17,-3.8464,1.729,-4.3954,1.795,-1.1901e-07
5,18,-3.8464,1.729,-1.8322,1.8141,-1.2613e-07
5,19,-3.8464,1.729,-4.2568,1.7993,-1.1898e-07
5,20,-3.8464,1.729,-0.84612,1.7946,-1.261e-07
5,21,-3.8464,1.729,-2.3282,1.9896,-1.1282e-07
5,22,-3.8464,1.729,-2.3222,1.6677,-1.2563e-07
5,23,-3.8464,1.729,-3.4608,1.9747,-1.1443e-07
5,24,-3.8464,1.729,-3.9445,1.1964,-1.2425e-07
5,25,-3.8464,1.729,-1.971,1.1597,-1.2138e-07
5,26,-3.8464,1.729,-1.6217,1.9558,-1.1785e-07
5,27,-3.8464,1.729,-4.0263,1.9147,-1.1248e-07
5,28,-3.8464,1.729,-0.46781,1.918,-1.2149e-07
5,29,-3.8464,1.729,-1.7753,1.1736,-1.1866e-07
5,30,-3.8464,1.729,-4.0864,1.2204,-1.2564e-07
5,31,-3.8464,1.729,-3.7308,1.9383,-1.1199e-07
5,32,-3.8464,1.729,-2.8472,1.979,-1.2027e-07
5,33,-3.8464,1.729,-2.5373,2.2849,-8.9983e-08
5,34,-3.8464,1.729,-0.85235,2.291,-9.1096e-08
5,35,-3.8464,1.729,-7.2003,0.46719,-7.4126e-11
5,36,-3.8464,1.729,-7.1357,2.8462,8.8771e-11
5,37,-3.8464,1.729,-5.9264,0.29628,1.2326e-08
5,38,-3.8464,1.729,-6.8305,1.4213,1.2752e-08
5,39,-3.8464,1.729,-7.6573,1.0787,8.02e-10
5,40,-3.8464,1.729,-7.1797,2.0081,7.515e-10
5,41,-3.8464,1.729,-6.7558,0.071307,-1.2051e-10
5,42,-3.8464,1.729,-7.0942,2.5105,-6.1273e-10
5,43,-3.8464,1.729,-6.008,1.3141,-2.6683e-08
5,44,-3.8464,1.729,-5.9648,1.7855,-2.532e-08
5,45,-3.8464,1.729,-6.5568,0.70734,2.5298e-09
5,46,-3.8464,1.729,-6.4919,3.1112,-1.1582e-09
5,47,-3.8464,1.729,-6.0823,2.6445,-7.8812e-09
5,48,-3.8464,1.729,-6.0779,0.47574,-9.003e-09
5,49,-3.8464,1.729,-6.5641,0.25413,-1.8975e-09
5,50,-3.8464,1.729,-6.5411,1.3214,-1.7691e-09
5,51,-3.8464,1.729,-6.2728,0.78381,8.4036e-09
5,52,-3.8464,1.729,-6.3483,2.1461,7.9622e-09
5,53,-3.8464,1.729,-6.3853,1.3995,9.5949e-09
5,54,-3.8464,1.729,-6.4686,1.6651,9.4292e-09
5,55,-3.8464,1.729,-6.8323,3.0988,2.5248e-11
5,56,-3.8464,1.729,-6.7719,0.1916,6.7362e-11
5,57,-3.8464,1.729,-6.1662,1.8883,9.428e-09
5,58,-3.8464,1.729,-6.1615,0.78448,1.0105e-08
5,59,-3.8464,1.729,-5.6626,1.5697,-5.6215e-09
5,60,-3.8464,1.729,-6.1383,2.5785,-6.3183e-09
5,61,-3.8464,1.729,-6.4417,0.10916,-6.0098e-10
5,62,-3.8464,1.729,-6.4612,2.9936,-7.4891e-10
5,63,-3.8464,1.729,-6.8065,2.9372,8.7958e-10
5,64,-3.8464,1.729,-6.7499,0.36746,8.1689e-10
6,7,-3.8356,1.4182,-2.9112,1.3925,-1.2039e-07
6,8,-3.8356,1.4182,-1.9535,1.7524,-1.2874e-07
6,9,-3.8356,1.4182,-3.6679,1.739,-1.2227e-07
6,10,-3.8356,1.4182,-0.41621,1.7981,-1.2595e-07
6,11,-3.8356,1.4182,-4.7824,1.9148,-1.1798e-07
6,12,-3.8356,1.4182,-4.1833,1.2502,-1.1665e-07
6,13,-3.8356,1.4182,-2.6729,1.9823,-1.19e-07
6,14,-3.8356,1.4182,-3.2582,1.1856,-1.1208e-07
6,15,-3.8356,1.4182,-4.2017,1.7902,-1.2216e-07
6,16,-3.8356,1.4182,-1.341,1.8223,-1.2596e-07
6,17,-3.8356,1.4182,-4.3954,1.795,-1.2213e-07
6,18,-3.8356,1.4182,-1.8322,1.8141,-1.2597e-07
6,19,-3.8356,1.4182,-4.2568,1.7993,-1.2214e-07
6,20,-3.8356,1.4182,-0.84612,1.7946,-1.2599e-07
6,21,-3.8356,1.4182,-2.3282,1.9896,-1.1879e-07
6,22,-3.8356,1.4182,-2.3222,1.6677,-1.2241e-07
6,23,-3.8356,1.4182,-3.4608,1.9747,-1.2013e-07
6,24,-3.8356,1.4182,-3.9445,1.1964,-1.1221e-07
6,25,-3.8356,1.4182,-1.971,1.1597,-1.0895e-07
6,26,-3.8356,1.4182,-1.6217,1.9558,-1.2286e-07
6,27,-3.8356,1.4182,-4.0263,1.9147,-1.1796e-07
6,28,-3.8356,1.4182,-0.46781,1.918,-1.2423e-07
6,29,-3.8356,1.4182,-1.7753,1.1736,-1.0634e-07
6,30,-3.8356,1.4182,-4.0864,1.2204,-1.1508e-07
6,31,-3.8356,1.4182,-3.7308,1.9383,-1.1781e-07
6,32,-3.8356,1.4182,-2.8472,1.979,-1.2371e-07
6,33,-3.8356,1.4182,-2.5373,2.2849,-1.013e-07
6,34,-3.8356,1.4182,-0.85235,2.291,-1.0257e-07
6,35,-3.8356,1.4182,-7.2003,0.46719,-3.5165e-11
6,36,-3.8356,1.4182,-7.1357,2.8462,1.4306e-10
6,37,-3.8356,1.4182,-5.9264,0.29628,1.4765e-08
6,38,-3.8356,1.4182,-6.8305,1.4213,1.4954e-08
6,39,-3.8356,1.4182,-7.6573,1.0787,5.9583e-10
6,40,-3.8356,1.4182,-7.1797,2.0081,5.4688e-10
6,41,-3.8356,1.4182,-6.7558,0.071307,5.1542e-11
6,42,-3.8356,1.4182,-7.0942,2.5105,-7.6547e-10
6,43,-3.8356,1.4182,-6.008,1.3141,-2.6119e-08
6,44,-3.8356,1.4182,-5.9648,1.7855,-2.5273e-08
6,45,-3.8356,1.4182,-6.5568,0.70734,2.7266e-09
6,46,-3.8356,1.4182,-6.4919,3.1112,-2.7141e-10
6,47,-3.8356,1.4182,-6.0823,2.6445,-1.0043e-08
6,48,-3.8356,1.4182,-6.0779,0.47574,-1.1432e-08
6,49,-3.8356,1.4182,-6.5641,0.25413,-2.0482e-10
6,50,-3.8356,1.4182,-6.5411,1.3214,-2.2963e-10
6,51,-3.8356,1.4182,-6.2728,0.78381,9.802e-09
6,52,-3.8356,1.4182,-6.3483,2.1461,9.2961e-09
6,53,-3.8356,1.4182,-6.3853,1.3995,9.9004e-09
6,54,-3.8356,1.4182,-6.4686,1.6651,9.7085e-09
6,55,-3.8356,1.4182,-6.8323,3.0988,-7.2582e-11
6,56,-3.8356,1.4182,-6.7719,0.1916,-1.1957e-10
6,57,-3.8356,1.4182,-6.1662,1.8883,1.0163e-08
6,58,-3.8356,1.4182,-6.1615,0.78448,1.0864e-08
6,59,-3.8356,1.4182,-5.6626,1.5697,-6.6439e-09
6,60,-3.8356,1.4182,-6.1383,2.5785,-9.0873e-09
6,61,-3.8356,1.4182,-6.4417,0.10916,5.4416e-10
6,62,-3.8356,1.4182,-6.4612,2.9936,3.1171e-10
6,63,-3.8356,1.4182,-6.8065,2.9372,9.2547e-10
6,64,-3.8356,1.4182,-6.7499,0.36746,1.0975e-09
7,8,-2.9112,1.3925,-1.9535,1.7524,-1.3189e-07
7,9,-2.9112,1.3925,-3.6679,1.739,-1.2401e-07
7,10,-2.9112,1.3925,-0.41621,1.7981,-1.289e-07
7,11,-2.9112,1.3925,-4.7824,1.9148,-1.1904e-07
7,12,-2.9112,1.3925,-4.1833,1.2502,-1.2163e-07
7,13,-2.9112,1.3925,-2.6729,1.9823,-1.2003e-07
7,14,-2.9112,1.3925,-3.2582,1.1856,-1.1762e-07
7,15,-2.9112,1.3925,-4.2017,1.7902,-1.2385e-07
7,16,-2.9112,1.3925,-1.341,1.8223,-1.2887e-07
7,17,-2.9112,1.3925,-4.3954,1.795,-1.238e-07
7,18,-2.9112,1.3925,-1.8322,1.8141,-1.2887e-07
7,19,-2.9112,1.3925,-4.2568,1.7993,-1.238e-07
7,20,-2.9112,1.3925,-0.84612,1.7946,-1.2888e-07
7,21,-2.9112,1.3925,-2.3282,1.9896,-1.1972e-07
7,22,-2.9112,1.3925,-2.3222,1.6677,-1.2604e-07
7,23,-2.9112,1.3925,-3.4608,1.9747,-1.2121e-07
7,24,-2.9112,1.3925,-3.9445,1.1964,-1.1769e-07
7,25,-2.9112,1.3925,-1.971,1.1597,-1.1447e-07
7,26,-2.9112,1.3925,-1.6217,1.9558,-1.2424e-07
7,27,-2.9112,1.3925,-4.0263,1.9147,-1.1896e-07
7,28,-2.9112,1.3925,-0.46781,1.918,-1.2634e-07
7,29,-2.9112,1.3925,-1.7753,1.1736,-1.1178e-07
7,30,-2.9112,1.3925,-4.0864,1.2204,-1.202e-07
7,31,-2.9112,1.3925,-3.7308,1.9383,-1.1873e-07
7,32,-2.9112,1.3925,-2.8472,1.979,-1.2561e-07
7,33,-2.9112,1.3925,-2.5373,2.2849,-1.006e-07
7,34,-2.9112,1.3925,-0.85235,2.291,-1.0185e-07
7,35,-2.9112,1.3925,-7.2003,0.46719,-4.6183e-11
7,36,-2.9112,1.3925,-7.1357,2.8462,1.358e-10
7,37,-2.9112,1.3925,-5.9264,0.29628,1.4461e-08
7,38,-2.9112,1.3925,-6.8305,1.4213,1.4732e-08
7,39,-2.9112,1.3925,-7.6573,1.0787,6.6158e-10
7,40,-2.9112,1.3925,-7.1797,2.0081,6.0548e-10
7,41,-2.9112,1.3925,-6.7558,0.071307,8.3014e-12
7,42,-2.9112,1.3925,-7.0942,2.5105,-7.4616e-10
7,43,-2.9112,1.3925,-6.008,1.3141,-2.6848e-08
7,44,-2.9112,1.3925,-5.9648,1.7855,-2.5803e-08
7,45,-2.9112,1.3925,-6.5568,0.70734,2.7382e-09
7,46,-2.9112,1.3925,-6.4919,3.1112,-5.0344e-10
7,47,-2.9112,1.3925,-6.0823,2.6445,-9.7239e-09
7,48,-2.9112,1.3925,-6.0779,0.47574,-1.1062e-08
7,49,-2.9112,1.3925,-6.5641,0.25413,-6.3275e-10
7,50,-2.9112,1.3925,-6.5411,1.3214,-6.0816e-10
7,51,-2.9112,1.3925,-6.2728,0.78381,9.6672e-09
7,52,-2.9112,1.3925,-6.3483,2.1461,9.1675e-09
7,53,-2.9112,1.3925,-6.3853,1.3995,1.0042e-08
7,54,-2.9112,1.3925,-6.4686,1.6651,9.8515e-09
7,55,-2.9112,1.3925,-6.8323,3.0988,-4.9014e-11
7,56,-2.9112,1.3925,-6.7719,0.1916,-6.8326e-11
7,57,-2.9112,1.3925,-6.1662,1.8883,1.0194e-08
7,58,-2.9112,1.3925,-6.1615,0.78448,1.0906e-08
7,59,-2.9112,1.3925,-5.6626,1.5697,-6.5358e-09
7,60,-2.9112,1.3925,-6.1383,2.5785,-8.6002e-09
7,61,-2.9112,1.3925,-6.4417,0.10916,2.6893e-10
7,62,-2.9112,1.3925,-6.4612,2.9936,5.3379e-11
7,63,-2.9112,1.3925,-6.8065,2.9372,9.3763e-10
7,64,-2.9112,1.3925,-6.7499,0.36746,1.0362e-09
8,9,-1.9535,1.7524,-3.6679,1.739,-1.1353e-07
8,10,-1.9535,1.7524,-0.41621,1.7981,-1.2134e-07
8,11,-1.9535,1.7524,-4.7824,1.9148,-1.0648e-07
8,12,-1.9535,1.7524,-4.1833,1.2502,-1.2437e-07
8,13,-1.9535,1.7524,-2.6729,1.9823,-1.0678e-07
8,14,-1.9535,1.7524,-3.2582,1.1856,-1.2314e-07
8,15,-1.9535,1.7524,-4.2017,1.7902,-1.132e-07
8,16,-1.9535,1.7524,-1.341,1.8223,-1.2113e-07
8,17,-1.9535,1.7524,-4.3954,1.795,-1.131e-07
8,18,-1.9535,1.7524,-1.8322,1.8141,-1.2108e-07
8,19,-1.9535,1.7524,-4.2568,1.7993,-1.1306e-07
8,20,-1.9535,1.7524,-0.84612,1.7946,-1.2104e-07
8,21,-1.9535,1.7524,-2.3282,1.9896,-1.0633e-07
8,22,-1.9535,1.7524,-2.3222,1.6677,-1.2167e-07
8,23,-1.9535,1.7524,-3.4608,1.9747,-1.0795e-07
8,24,-1.9535,1.7524,-3.9445,1.1964,-1.2296e-07
8,25,-1.9535,1.7524,-1.971,1.1597,-1.2042e-07
8,26,-1.9535,1.7524,-1.6217,1.9558,-1.1143e-07
8,27,-1.9535,1.7524,-4.0263,1.9147,-1.0615e-07
8,28,-1.9535,1.7524,-0.46781,1.918,-1.1568e-07
8,29,-1.9535,1.7524,-1.7753,1.1736,-1.1787e-07
8,30,-1.9535,1.7524,-4.0864,1.2204,-1.2371e-07
8,31,-1.9535,1.7524,-3.7308,1.9383,-1.0559e-07
8,32,-1.9535,1.7524,-2.8472,1.979,-1.1428e-07
8,33,-1.9535,1.7524,-2.5373,2.2849,-8.2817e-08
8,34,-1.9535,1.7524,-0.85235,2.291,-8.3805e-08
8,35,-1.9535,1.7524,-7.2003,0.46719,-8.1619e-11
8,36,-1.9535,1.7524,-7.1357,2.8462,7.3453e-11
8,37,-1.9535,1.7524,-5.9264,0.29628,1.1024e-08
8,38,-1.9535,1.7524,-6.8305,1.4213,1.151e-08
8,39,-1.9535,1.7524,-7.6573,1.0787,8.3307e-10
8,40,-1.9535,1.7524,-7.1797,2.0081,7.7861e-10
8,41,-1.9535,1.7524,-6.7558,0.071307,-1.6846e-10
8,42,-1.9535,1.7524,-7.0942,2.5105,-5.4039e-10
8,43,-1.9535,1.7524,-6.008,1.3141,-2.5794e-08
8,44,-1.9535,1.7524,-5.9648,1.7855,-2.4297e-08
8,45,-1.9535,1.7524,-6.5568,0.70734,2.3649e-09
8,46,-1.9535,1.7524,-6.4919,3.1112,-1.3921e-09
8,47,-1.9535,1.7524,-6.0823,2.6445,-6.9068e-09
8,48,-1.9535,1.7524,-6.0779,0.47574,-7.8563e-09
8,49,-1.9535,1.7524,-6.5641,0.25413,-2.3514e-09
8,50,-1.9535,1.7524,-6.5411,1.3214,-2.1705e-09
8,51,-1.9535,1.7524,-6.2728,0.78381,7.625e-09
8,52,-1.9535,1.7524,-6.3483,2.1461,7.2358e-09
8,53,-1.9535,1.7524,-6.3853,1.3995,9.1118e-09
8,54,-1.9535,1.7524,-6.4686,1.6651,8.9631e-09
8,55,-1.9535,1.7524,-6.8323,3.0988,5.3337e-11
8,56,-1.9535,1.7524,-6.7719,0.1916,1.2773e-10
8,57,-1.9535,1.7524,-6.1662,1.8883,8.8221e-09
8,58,-1.9535,1.7524,-6.1615,0.78448,9.4502e-09
8,59,-1.9535,1.7524,-5.6626,1.5697,-5.073e-09
8,60,-1.9535,1.7524,-6.1383,2.5785,-5.2206e-09
8,61,-1.9535,1.7524,-6.4417,0.10916,-9.3734e-10
8,62,-1.9535,1.7524,-6.4612,2.9936,-1.0522e-09
8,63,-1.9535,1.7524,-6.8065,2.9372,8.3138e-10
8,64,-1.9535,1.7524,-6.7499,0.36746,6.7934e-10
9,10,-3.6679,1.739,-0.41621,1.7981,-1.2254e-07
9,11,-3.6679,1.739,-4.7824,1.9148,-1.0868e-07
9,12,-3.6679,1.739,-4.1833,1.2502,-1.2415e-07
9,13,-3.6679,1.739,-2.6729,1.9823,-1.0904e-07
9,14,-3.6679,1.739,-3.2582,1.1856,-1.2231e-07
9,15,-3.6679,1.739,-4.2017,1.7902,-1.1515e-07
9,16,-3.6679,1.739,-1.341,1.8223,-1.2236e-07
9,17,-3.6679,1.739,-4.3954,1.795,-1.1506e-07
9,18,-3.6679,1.739,-1.8322,1.8141,-1.2232e-07
9,19,-3.6679,1.739,-4.2568,1.7993,-1.1503e-07
9,20,-3.6679,1.739,-0.84612,1.7946,-1.2229e-07
9,21,-3.6679,1.739,-2.3282,1.9896,-1.0866e-07
9,22,-3.6679,1.739,-2.3222,1.6677,-1.2224e-07
9,23,-3.6679,1.739,-3.4608,1.9747,-1.1023e-07
9,24,-3.6679,1.739,-3.9445,1.1964,-1.2217e-07
9,25,-3.6679,1.739,-1.971,1.1597,-1.1943e-07
9,26,-3.6679,1.739,-1.6217,1.9558,-1.1362e-07
9,27,-3.6679,1.739,-4.0263,1.9147,-1.084e-07
9,28,-3.6679,1.739,-0.46781,1.918,-1.1743e-07
9,29,-3.6679,1.739,-1.7753,1.1736,-1.1677e-07
9,30,-3.6679,1.739,-4.0864,1.2204,-1.2334e-07
9,31,-3.6679,1.739,-3.7308,1.9383,-1.0788e-07
9,32,-3.6679,1.739,-2.8472,1.979,-1.1615e-07
9,33,-3.6679,1.739,-2.5373,2.2849,-8.5729e-08
9,34,-3.6679,1.739,-0.85235,2.291,-8.679e-08
9,35,-3.6679,1.739,-7.2003,0.46719,-7.6609e-11
9,36,-3.6679,1.739,-7.1357,2.8462,7.7745e-11
9,37,-3.6679,1.739,-5.9264,0.29628,1.1622e-08
9,38,-3.6679,1.739,-6.8305,1.4213,1.2064e-08
9,39,-3.6679,1.739,-7.6573,1.0787,8.055e-10
9,40,-3.6679,1.739,-7.1797,2.0081,7.5857e-10
9,41,-3.6679,1.739,-6.7558,0.071307,-1.3978e-10
9,42,-3.6679,1.739,-7.0942,2.5105,-5.7175e-10
9,43,-3.6679,1.739,-6.008,1.3141,-2.5952e-08
9,44,-3.6679,1.739,-5.9648,1.7855,-2.4577e-08
9,45,-3.6679,1.739,-6.5568,0.70734,2.4253e-09
9,46,-3.6679,1.739,-6.4919,3.1112,-1.2451e-09
9,47,-3.6679,1.739,-6.0823,2.6445,-7.3424e-09
9,48,-3.6679,1.739,-6.0779,0.47574,-8.4009e-09
9,49,-3.6679,1.739,-6.5641,0.25413,-2.0758e-09
9,50,-3.6679,1.739,-6.5411,1.3214,-1.9342e-09
9,51,-3.6679,1.739,-6.2728,0.78381,7.9569e-09
9,52,-3.6679,1.739,-6.3483,2.1461,7.5364e-09
9,53,-3.6679,1.739,-6.3853,1.3995,9.2623e-09
9,54,-3.6679,1.739,-6.4686,1.6651,9.1053e-09
9,55,-3.6679,1.739,-6.8323,3.0988,3.731e-11
9,56,-3.6679,1.739,-6.7719,0.1916,8.8024e-11
9,57,-3.6679,1.739,-6.1662,1.8883,9.0445e-09
9,58,-3.6679,1.739,-6.1615,0.78448,9.6978e-09
9,59,-3.6679,1.739,-5.6626,1.5697,-5.3089e-09
9,60,-3.6679,1.739,-6.1383,2.5785,-5.7404e-09
9,61,-3.6679,1.739,-6.4417,0.10916,-7.4204e-10
9,62,-3.6679,1.739,-6.4612,2.9936,-8.7392e-10
9,63,-3.6679,1.739,-6.8065,2.9372,8.4494e-10
9,64,-3.6679,1.739,-6.7499,0.36746,7.5874e-10
10,11,-0.41621,1.7981,-4.7824,1.9148,-9.9751e-08
10,12,-0.41621,1.7981,-4.1833,1.2502,-1.2104e-07
10,13,-0.41621,1.7981,-2.6729,1.9823,-9.9864e-08
10,14,-0.41621,1.7981,-3.2582,1.1856,-1.2061e-07
10,15,-0.41621,1.7981,-4.2017,1.7902,-1.0675e-07
10,16,-0.41621,1.7981,-1.341,1.8223,-1.1521e-07
10,17,-0.41621,1.7981,-4.3954,1.795,-1.0664e-07
10,18,-0.41621,1.7981,-1.8322,1.8141,-1.1515e-07
10,19,-0.41621,1.7981,-4.2568,1.7993,-1.0659e-07
10,20,-0.41621,1.7981,-0.84612,1.7946,-1.1509e-07
10,21,-0.41621,1.7981,-2.3282,1.9896,-9.9389e-08
10,22,-0.41621,1.7981,-2.3222,1.6677,-1.1664e-07
10,23,-0.41621,1.7981,-3.4608,1.9747,-1.0099e-07
10,24,-0.41621,1.7981,-3.9445,1.1964,-1.2037e-07
10,25,-0.41621,1.7981,-1.971,1.1597,-1.1812e-07
10,26,-0.41621,1.7981,-1.6217,1.9558,-1.0447e-07
10,27,-0.41621,1.7981,-4.0263,1.9147,-9.937e-08
10,28,-0.41621,1.7981,-0.46781,1.918,-1.0916e-07
10,29,-0.41621,1.7981,-1.7753,1.1736,-1.1572e-07
10,30,-0.41621,1.7981,-4.0864,1.2204,-1.2062e-07
10,31,-0.41621,1.7981,-3.7308,1.9383,-9.8737e-08
10,32,-0.41621,1.7981,-2.8472,1.979,-1.0763e-07
10,33,-0.41621,1.7981,-2.5373,2.2849,-7.55e-08
10,34,-0.41621,1.7981,-0.85235,2.291,-7.638e-08
10,35,-0.41621,1.7981,-7.2003,0.46719,-8.8674e-11
10,36,-0.41621,1.7981,-7.1357,2.8462,5.4806e-11
10,37,-0.41621,1.7981,-5.9264,0.29628,9.7604e-09
10,38,-0.41621,1.7981,-6.8305,1.4213,1.0286e-08
10,39,-0.41621,1.7981,-7.6573,1.0787,8.5177e-10
10,40,-0.41621,1.7981,-7.1797,2.0081,7.9863e-10
10,41,-0.41621,1.7981,-6.7558,0.071307,-2.1022e-10
10,42,-0.41621,1.7981,-7.0942,2.5105,-4.6997e-10
10,43,-0.41621,1.7981,-6.008,1.3141,-2.4691e-08
10,44,-0.41621,1.7981,-5.9648,1.7855,-2.3118e-08
10,45,-0.41621,1.7981,-6.5568,0.70734,2.1916e-09
10,46,-0.41621,1.7981,-6.4919,3.1112,-1.5798e-09
10,47,-0.41621,1.7981,-6.0823,2.6445,-5.9509e-09
10,48,-0.41621,1.7981,-6.0779,0.47574,-6.7574e-09
10,49,-0.41621,1.7981,-6.5641,0.25413,-2.7255e-09
10,50,-0.41621,1.7981,-6.5411,1.3214,-2.5075e-09
10,51,-0.41621,1.7981,-6.2728,0.78381,6.8431e-09
10,52,-0.41621,1.7981,-6.3483,2.1461,6.4992e-09
10,53,-0.41621,1.7981,-6.3853,1.3995,8.576e-09
10,54,-0.41621,1.7981,-6.4686,1.6651,8.4436e-09
10,55,-0.41621,1.7981,-6.8323,3.0988,7.8846e-11
10,56,-0.41621,1.7981,-6.7719,0.1916,1.768e-10
10,57,-0.41621,1.7981,-6.1662,1.8883,8.1796e-09
10,58,-0.41621,1.7981,-6.1615,0.78448,8.7621e-09
10,59,-0.41621,1.7981,-5.6626,1.5697,-4.5271e-09
10,60,-0.41621,1.7981,-6.1383,2.5785,-4.1721e-09
10,61,-0.41621,1.7981,-6.4417,0.10916,-1.223e-09
10,62,-0.41621,1.7981,-6.4612,2.9936,-1.3074e-09
10,63,-0.41621,1.7981,-6.8065,2.9372,7.7827e-10
10,64,-0.41621,1.7981,-6.7499,0.36746,5.6139e-10
11,12,-4.7824,1.9148,-4.1833,1.2502,-1.2359e-07
11,13,-4.7824,1.9148,-2.6729,1.9823,-1.0234e-07
11,14,-4.7824,1.9148,-3.2582,1.1856,-1.2285e-07
11,15,-4.7824,1.9148,-4.2017,1.7902,-1.0938e-07
11,16,-4.7824,1.9148,-1.341,1.8223,-1.1772e-07
11,17,-4.7824,1.9148,-4.3954,1.795,-1.0927e-07
11,18,-4.7824,1.9148,-1.8322,1.8141,-1.1766e-07
11,19,-4.7824,1.9148,-4.2568,1.7993,-1.0922e-07
11,20,-4.7824,1.9148,-0.84612,1.7946,-1.1761e-07
11,21,-4.7824,1.9148,-2.3282,1.9896,-1.019e-07
11,22,-4.7824,1.9148,-2.3222,1.6677,-1.1891e-07
11,23,-4.7824,1.9148,-3.4608,1.9747,-1.0352e-07
11,24,-4.7824,1.9148,-3.9445,1.1964,-1.2262e-07
11,25,-4.7824,1.9148,-1.971,1.1597,-1.2017e-07
11,26,-4.7824,1.9148,-1.6217,1.9558,-1.0708e-07
11,27,-4.7824,1.9148,-4.0263,1.9147,-1.0186e-07
11,28,-4.7824,1.9148,-0.46781,1.918,-1.1171e-07
11,29,-4.7824,1.9148,-1.7753,1.1736,-1.1757e-07
11,30,-4.7824,1.9148,-4.0864,1.2204,-1.231e-07
11,31,-4.7824,1.9148,-3.7308,1.9383,-1.0122e-07
11,32,-4.7824,1.9148,-2.8472,1.979,-1.1018e-07
11,33,-4.7824,1.9148,-2.5373,2.2849,-7.7566e-08
11,34,-4.7824,1.9148,-0.85235,2.291,-7.8513e-08
11,35,-4.7824,1.9148,-7.2003,0.46719,-9.006e-11
11,36,-4.7824,1.9148,-7.1357,2.8462,5.1928e-11
11,37,-4.7824,1.9148,-5.9264,0.29628,1.0122e-08
11,38,-4.7824,1.9148,-6.8305,1.4213,1.0648e-08
11,39,-4.7824,1.9148,-7.6573,1.0787,8.6269e-10
11,40,-4.7824,1.9148,-7.1797,2.0081,8.1655e-10
11,41,-4.7824,1.9148,-6.7558,0.071307,-2.0811e-10
11,42,-4.7824,1.9148,-7.0942,2.5105,-4.8395e-10
11,43,-4.7824,1.9148,-6.008,1.3141,-2.5193e-08
11,44,-4.7824,1.9148,-5.9648,1.7855,-2.3648e-08
11,45,-4.7824,1.9148,-6.5568,0.70734,2.2469e-09
11,46,-4.7824,1.9148,-6.4919,3.1112,-1.5781e-09
11,47,-4.7824,1.9148,-6.0823,2.6445,-6.133e-09
11,48,-4.7824,1.9148,-6.0779,0.47574,-7.0311e-09
11,49,-4.7824,1.9148,-6.5641,0.25413,-2.7228e-09
11,50,-4.7824,1.9148,-6.5411,1.3214,-2.5202e-09
11,51,-4.7824,1.9148,-6.2728,0.78381,7.0488e-09
11,52,-4.7824,1.9148,-6.3483,2.1461,6.6741e-09
11,53,-4.7824,1.9148,-6.3853,1.3995,8.7733e-09
11,54,-4.7824,1.9148,-6.4686,1.6651,8.6341e-09
11,55,-4.7824,1.9148,-6.8323,3.0988,7.7577e-11
11,56,-4.7824,1.9148,-6.7719,0.1916,1.6513e-10
11,57,-4.7824,1.9148,-6.1662,1.8883,8.3805e-09
11,58,-4.7824,1.9148,-6.1615,0.78448,8.9966e-09
11,59,-4.7824,1.9148,-5.6626,1.5697,-4.6644e-09
11,60,-4.7824,1.9148,-6.1383,2.5785,-4.3323e-09
11,61,-4.7824,1.9148,-6.4417,0.10916,-1.2056e-09
11,62,-4.7824,1.9148,-6.4612,2.9936,-1.2959e-09
11,63,-4.7824,1.9148,-6.8065,2.9372,7.9273e-10
11,64,-4.7824,1.9148,-6.7499,0.36746,6.0741e-10
12,13,-4.1833,1.2502,-2.6729,1.9823,-1.1475e-07
12,14,-4.1833,1.2502,-3.2582,1.1856,-9.6349e-08
12,15,-4.1833,1.2502,-4.2017,1.7902,-1.1591e-07
12,16,-4.1833,1.2502,-1.341,1.8223,-1.1726e-07
12,17,-4.1833,1.2502,-4.3954,1.795,-1.1592e-07
12,18,-4.1833,1.2502,-1.8322,1.8141,-1.173e-07
12,19,-4.1833,1.2502,-4.2568,1.7993,-1.1595e-07
12,20,-4.1833,1.2502,-0.84612,1.7946,-1.1736e-07
12,21,-4.1833,1.2502,-2.3282,1.9896,-1.1469e-07
12,22,-4.1833,1.2502,-2.3222,1.6677,-1.1197e-07
12,23,-4.1833,1.2502,-3.4608,1.9747,-1.1575e-07
12,24,-4.1833,1.2502,-3.9445,1.1964,-9.6625e-08
12,25,-4.1833,1.2502,-1.971,1.1597,-9.3339e-08
12,26,-4.1833,1.2502,-1.6217,1.9558,-1.1783e-07
12,27,-4.1833,1.2502,-4.0263,1.9147,-1.136e-07
12,28,-4.1833,1.2502,-0.46781,1.918,-1.176e-07
12,29,-4.1833,1.2502,-1.7753,1.1736,-9.0988e-08
12,30,-4.1833,1.2502,-4.0864,1.2204,-1.0027e-07
12,31,-4.1833,1.2502,-3.7308,1.9383,-1.1367e-07
12,32,-4.1833,1.2502,-2.8472,1.979,-1.1758e-07
12,33,-4.1833,1.2502,-2.5373,2.2849,-1.0192e-07
12,34,-4.1833,1.2502,-0.85235,2.291,-1.0321e-07
12,35,-4.1833,1.2502,-7.2003,0.46719,-8.0808e-12
12,36,-4.1833,1.2502,-7.1357,2.8462,1.6891e-10
12,37,-4.1833,1.2502,-5.9264,0.29628,1.5373e-08
12,38,-4.1833,1.2502,-6.8305,1.4213,1.5389e-08
12,39,-4.1833,1.2502,-7.6573,1.0787,4.2007e-10
12,40,-4.1833,1.2502,-7.1797,2.0081,3.7472e-10
12,41,-4.1833,1.2502,-6.7558,0.071307,1.6126e-10
12,42,-4.1833,1.2502,-7.0942,2.5105,-8.1568e-10
12,43,-4.1833,1.2502,-6.008,1.3141,-2.3972e-08
12,44,-4.1833,1.2502,-5.9648,1.7855,-2.3528e-08
12,45,-4.1833,1.2502,-6.5568,0.70734,2.673e-09
12,46,-4.1833,1.2502,-6.4919,3.1112,3.347e-10
12,47,-4.1833,1.2502,-6.0823,2.6445,-1.0794e-08
12,48,-4.1833,1.2502,-6.0779,0.47574,-1.226e-08
12,49,-4.1833,1.2502,-6.5641,0.25413,9.3061e-10
12,50,-4.1833,1.2502,-6.5411,1.3214,8.0586e-10
12,51,-4.1833,1.2502,-6.2728,0.78381,1.0061e-08
12,52,-4.1833,1.2502,-6.3483,2.1461,9.549e-09
12,53,-4.1833,1.2502,-6.3853,1.3995,9.4322e-09
12,54,-4.1833,1.2502,-6.4686,1.6651,9.2363e-09
12,55,-4.1833,1.2502,-6.8323,3.0988,-1.313e-10
12,56,-4.1833,1.2502,-6.7719,0.1916,-2.3391e-10
12,57,-4.1833,1.2502,-6.1662,1.8883,9.961e-09
12,58,-4.1833,1.2502,-6.1615,0.78448,1.0627e-08
12,59,-4.1833,1.2502,-5.6626,1.5697,-6.8708e-09
12,60,-4.1833,1.2502,-6.1383,2.5785,-1.0305e-08
12,61,-4.1833,1.2502,-6.4417,0.10916,1.2663e-09
12,62,-4.1833,1.2502,-6.4612,2.9936,9.9282e-10
12,63,-4.1833,1.2502,-6.8065,2.9372,8.9372e-10
12,64,-4.1833,1.2502,-6.7499,0.36746,1.209e-09
13,14,-2.6729,1.9823,-3.2582,1.1856,-1.2315e-07
13,15,-2.6729,1.9823,-4.2017,1.7902,-1.0402e-07
13,16,-2.6729,1.9823,-1.341,1.8223,-1.134e-07
13,17,-2.6729,1.9823,-4.3954,1.795,-1.039e-07
13,18,-2.6729,1.9823,-1.8322,1.8141,-1.1332e-07
13,19,-2.6729,1.9823,-4.2568,1.7993,-1.0383e-07
13,20,-2.6729,1.9823,-0.84612,1.7946,-1.1324e-07
13,21,-2.6729,1.9823,-2.3282,1.9896,-9.5685e-08
13,22,-2.6729,1.9823,-2.3222,1.6677,-1.1581e-07
13,23,-2.6729,1.9823,-3.4608,1.9747,-9.7347e-08
13,24,-2.6729,1.9823,-3.9445,1.1964,-1.2283e-07
13,25,-2.6729,1.9823,-1.971,1.1597,-1.2069e-07
13,26,-2.6729,1.9823,-1.6217,1.9558,-1.0102e-07
13,27,-2.6729,1.9823,-4.0263,1.9147,-9.5844e-08
13,28,-2.6729,1.9823,-0.46781,1.918,-1.064e-07
13,29,-2.6729,1.9823,-1.7753,1.1736,-1.1821e-07
13,30,-2.6729,1.9823,-4.0864,1.2204,-1.2263e-07
13,31,-2.6729,1.9823,-3.7308,1.9383,-9.5096e-08
13,32,-2.6729,1.9823,-2.8472,1.979,-1.0465e-07
13,33,-2.6729,1.9823,-2.5373,2.2849,-7.0161e-08
13,34,-2.6729,1.9823,-0.85235,2.291,-7.099e-08
13,35,-2.6729,1.9823,-7.2003,0.46719,-1.0144e-10
13,36,-2.6729,1.9823,-7.1357,2.8462,3.0984e-11
13,37,-2.6729,1.9823,-5.9264,0.29628,8.7453e-09
13,38,-2.6729,1.9823,-6.8305,1.4213,9.344e-09
13,39,-2.6729,1.9823,-7.6573,1.0787,9.1247e-10
13,40,-2.6729,1.9823,-7.1797,2.0081,8.6452e-10
13,41,-2.6729,1.9823,-6.7558,0.071307,-2.6869e-10
13,42,-2.6729,1.9823,-7.0942,2.5105,-4.0497e-10
13,43,-2.6729,1.9823,-6.008,1.3141,-2.4484e-08
13,44,-2.6729,1.9823,-5.9648,1.7855,-2.2778e-08
13,45,-2.6729,1.9823,-6.5568,0.70734,2.0837e-09
13,46,-2.6729,1.9823,-6.4919,3.1112,-1.8752e-09
13,47,-2.6729,1.9823,-6.0823,2.6445,-5.052e-09
13,48,-2.6729,1.9823,-6.0779,0.47574,-5.7831e-09
13,49,-2.6729,1.9823,-6.5641,0.25413,-3.2985e-09
13,50,-2.6729,1.9823,-6.5411,1.3214,-3.0373e-09
13,51,-2.6729,1.9823,-6.2728,0.78381,6.2247e-09
13,52,-2.6729,1.9823,-6.3483,2.1461,5.8991e-09
13,53,-2.6729,1.9823,-6.3853,1.3995,8.3237e-09
13,54,-2.6729,1.9823,-6.4686,1.6651,8.2018e-09
13,55,-2.6729,1.9823,-6.8323,3.0988,1.1308e-10
13,56,-2.6729,1.9823,-6.7719,0.1916,2.3622e-10
13,57,-2.6729,1.9823,-6.1662,1.8883,7.7772e-09
13,58,-2.6729,1.9823,-6.1615,0.78448,8.3517e-09
13,59,-2.6729,1.9823,-5.6626,1.5697,-4.0803e-09
13,60,-2.6729,1.9823,-6.1383,2.5785,-3.0774e-09
13,61,-2.6729,1.9823,-6.4417,0.10916,-1.6198e-09
13,62,-2.6729,1.9823,-6.4612,2.9936,-1.6726e-09
13,63,-2.6729,1.9823,-6.8065,2.9372,7.4578e-10
13,64,-2.6729,1.9823,-6.7499,0.36746,4.6373e-10
14,15,-3.2582,1.1856,-4.2017,1.7902,-1.1682e-07
14,16,-3.2582,1.1856,-1.341,1.8223,-1.1811e-07
14,17,-3.2582,1.1856,-4.3954,1.795,-1.1683e-07
14,18,-3.2582,1.1856,-1.8322,1.8141,-1.1816e-07
14,19,-3.2582,1.1856,-4.2568,1.7993,-1.1687e-07
14,20,-3.2582,1.1856,-0.84612,1.7946,-1.1822e-07
14,21,-3.2582,1.1856,-2.3282,1.9896,-1.1581e-07
14,22,-3.2582,1.1856,-2.3222,1.6677,-1.1258e-07
14,23,-3.2582,1.1856,-3.4608,1.9747,-1.169e-07
14,24,-3.2582,1.1856,-3.9445,1.1964,-9.6438e-08
14,25,-3.2582,1.1856,-1.971,1.1597,-9.3095e-08
14,26,-3.2582,1.1856,-1.6217,1.9558,-1.1898e-07
14,27,-3.2582,1.1856,-4.0263,1.9147,-1.1467e-07
14,28,-3.2582,1.1856,-0.46781,1.918,-1.1866e-07
14,29,-3.2582,1.1856,-1.7753,1.1736,-9.0731e-08
14,30,-3.2582,1.1856,-4.0864,1.2204,-1.002e-07
14,31,-3.2582,1.1856,-3.7308,1.9383,-1.1477e-07
14,32,-3.2582,1.1856,-2.8472,1.979,-1.1867e-07
14,33,-3.2582,1.1856,-2.5373,2.2849,-1.0339e-07
14,34,-3.2582,1.1856,-0.85235,2.291,-1.047e-07
14,35,-3.2582,1.1856,-7.2003,0.46719,-5.3472e-12
14,36,-3.2582,1.1856,-7.1357,2.8462,1.7534e-10
14,37,-3.2582,1.1856,-5.9264,0.29628,1.5649e-08
14,38,-3.2582,1.1856,-6.8305,1.4213,1.566e-08
14,39,-3.2582,1.1856,-7.6573,1.0787,4.0844e-10
14,40,-3.2582,1.1856,-7.1797,2.0081,3.6064e-10
14,41,-3.2582,1.1856,-6.7558,0.071307,1.7413e-10
14,42,-3.2582,1.1856,-7.0942,2.5105,-8.3307e-10
14,43,-3.2582,1.1856,-6.008,1.3141,-2.4105e-08
14,44,-3.2582,1.1856,-5.9648,1.7855,-2.3669e-08
14,45,-3.2582,1.1856,-6.5568,0.70734,2.7059e-09
14,46,-3.2582,1.1856,-6.4919,3.1112,3.9849e-10
14,47,-3.2582,1.1856,-6.0823,2.6445,-1.1023e-08
14,48,-3.2582,1.1856,-6.0779,0.47574,-1.2516e-08
14,49,-3.2582,1.1856,-6.5641,0.25413,1.0582e-09
14,50,-3.2582,1.1856,-6.5411,1.3214,9.2717e-10
14,51,-3.2582,1.1856,-6.2728,0.78381,1.0232e-08
14,52,-3.2582,1.1856,-6.3483,2.1461,9.7104e-09
14,53,-3.2582,1.1856,-6.3853,1.3995,9.5198e-09
14,54,-3.2582,1.1856,-6.4686,1.6651,9.3197e-09
14,55,-3.2582,1.1856,-6.8323,3.0988,-1.3916e-10
14,56,-3.2582,1.1856,-6.7719,0.1916,-2.4599e-10
14,57,-3.2582,1.1856,-6.1662,1.8883,1.0078e-08
14,58,-3.2582,1.1856,-6.1615,0.78448,1.0754e-08
14,59,-3.2582,1.1856,-5.6626,1.5697,-6.9928e-09
14,60,-3.2582,1.1856,-6.1383,2.5785,-1.0577e-08
14,61,-3.2582,1.1856,-6.4417,0.10916,1.3567e-09
14,62,-3.2582,1.1856,-6.4612,2.9936,1.0761e-09
14,63,-3.2582,1.1856,-6.8065,2.9372,9.0471e-10
14,64,-3.2582,1.1856,-6.7499,0.36746,1.2307e-09
15,16,-4.2017,1.7902,-1.341,1.8223,-1.2219e-07
15,17,-4.2017,1.7902,-4.3954,1.795,-1.1482e-07
15,18,-4.2017,1.7902,-1.8322,1.8141,-1.2214e-07
15,19,-4.2017,1.7902,-4.2568,1.7993,-1.1479e-07
15,20,-4.2017,1.7902,-0.84612,1.7946,-1.2211e-07
15,21,-4.2017,1.7902,-2.3282,1.9896,-1.0836e-07
15,22,-4.2017,1.7902,-2.3222,1.6677,-1.2214e-07
15,23,-4.2017,1.7902,-3.4608,1.9747,-1.0993e-07
15,24,-4.2017,1.7902,-3.9445,1.1964,-1.2229e-07
15,25,-4.2017,1.7902,-1.971,1.1597,-1.1956e-07
15,26,-4.2017,1.7902,-1.6217,1.9558,-1.1334e-07
15,27,-4.2017,1.7902,-4.0263,1.9147,-1.0811e-07
15,28,-4.2017,1.7902,-0.46781,1.918,-1.1719e-07
15,29,-4.2017,1.7902,-1.7753,1.1736,-1.1689e-07
15,30,-4.2017,1.7902,-4.0864,1.2204,-1.2342e-07
15,31,-4.2017,1.7902,-3.7308,1.9383,-1.0758e-07
15,32,-4.2017,1.7902,-2.8472,1.979,-1.159e-07
15,33,-4.2017,1.7902,-2.5373,2.2849,-8.533e-08
15,34,-4.2017,1.7902,-0.85235,2.291,-8.6386e-08
15,35,-4.2017,1.7902,-7.2003,0.46719,-7.7324e-11
15,36,-4.2017,1.7902,-7.1357,2.8462,7.639e-11
15,37,-4.2017,1.7902,-5.9264,0.29628,1.1547e-08
15,38,-4.2017,1.7902,-6.8305,1.4213,1.1993e-08
15,39,-4.2017,1.7902,-7.6573,1.0787,8.0921e-10
15,40,-4.2017,1.7902,-7.1797,2.0081,7.6236e-10
15,41,-4.2017,1.7902,-6.7558,0.071307,-1.4363e-10
15,42,-4.2017,1.7902,-7.0942,2.5105,-5.6708e-10
15,43,-4.2017,1.7902,-6.008,1.3141,-2.5927e-08
15,44,-4.2017,1.7902,-5.9648,1.7855,-2.4542e-08
15,45,-4.2017,1.7902,-6.5568,0.70734,2.4169e-09
15,46,-4.2017,1.7902,-6.4919,3.1112,-1.2649e-09
15,47,-4.2017,1.7902,-6.0823,2.6445,-7.2793e-09
15,48,-4.2017,1.7902,-6.0779,0.47574,-8.33e-09
15,49,-4.2017,1.7902,-6.5641,0.25413,-2.1139e-09
15,50,-4.2017,1.7902,-6.5411,1.3214,-1.969e-09
15,51,-4.2017,1.7902,-6.2728,0.78381,7.9115e-09
15,52,-4.2017,1.7902,-6.3483,2.1461,7.4931e-09
15,53,-4.2017,1.7902,-6.3853,1.3995,9.2412e-09
15,54,-4.2017,1.7902,-6.4686,1.6651,9.0852e-09
15,55,-4.2017,1.7902,-6.8323,3.0988,3.9511e-11
15,56,-4.2017,1.7902,-6.7719,0.1916,9.2257e-11
15,57,-4.2017,1.7902,-6.1662,1.8883,9.0136e-09
15,58,-4.2017,1.7902,-6.1615,0.78448,9.6655e-09
15,59,-4.2017,1.7902,-5.6626,1.5697,-5.2762e-09
15,60,-4.2017,1.7902,-6.1383,2.5785,-5.6648e-09
15,61,-4.2017,1.7902,-6.4417,0.10916,-7.6886e-10
15,62,-4.2017,1.7902,-6.4612,2.9936,-8.9847e-10
15,63,-4.2017,1.7902,-6.8065,2.9372,8.4247e-10
15,64,-4.2017,1.7902,-6.7499,0.36746,7.5083e-10
16,17,-1.341,1.8223,-4.3954,1.795,-1.0625e-07
16,18,-1.341,1.8223,-1.8322,1.8141,-1.1482e-07
16,19,-1.341,1.8223,-4.2568,1.7993,-1.062e-07
16,20,-1.341,1.8223,-0.84612,1.7946,-1.1476e-07
16,21,-1.341,1.8223,-2.3282,1.9896,-9.894e-08
16,22,-1.341,1.8223,-2.3222,1.6677,-1.1639e-07
16,23,-1.341,1.8223,-3.4608,1.9747,-1.0055e-07
16,24,-1.341,1.8223,-3.9445,1.1964,-1.2037e-07
16,25,-1.341,1.8223,-1.971,1.1597,-1.1814e-07
16,26,-1.341,1.8223,-1.6217,1.9558,-1.0404e-07
16,27,-1.341,1.8223,-4.0263,1.9147,-9.8935e-08
16,28,-1.341,1.8223,-0.46781,1.918,-1.0877e-07
16,29,-1.341,1.8223,-1.7753,1.1736,-1.1574e-07
16,30,-1.341,1.8223,-4.0864,1.2204,-1.2057e-07
16,31,-1.341,1.8223,-3.7308,1.9383,-9.8294e-08
16,32,-1.341,1.8223,-2.8472,1.979,-1.0722e-07
16,33,-1.341,1.8223,-2.5373,2.2849,-7.4969e-08
16,34,-1.341,1.8223,-0.85235,2.291,-7.5842e-08
16,35,-1.341,1.8223,-7.2003,0.46719,-8.9499e-11
16,36,-1.341,1.8223,-7.1357,2.8462,5.3144e-11
16,37,-1.341,1.8223,-5.9264,0.29628,9.6641e-09
16,38,-1.341,1.8223,-6.8305,1.4213,1.0195e-08
16,39,-1.341,1.8223,-7.6573,1.0787,8.5511e-10
16,40,-1.341,1.8223,-7.1797,2.0081,8.0207e-10
16,41,-1.341,1.8223,-6.7558,0.071307,-2.1443e-10
16,42,-1.341,1.8223,-7.0942,2.5105,-4.6435e-10
16,43,-1.341,1.8223,-6.008,1.3141,-2.4636e-08
16,44,-1.341,1.8223,-5.9648,1.7855,-2.3054e-08
16,45,-1.341,1.8223,-6.5568,0.70734,2.1798e-09
16,46,-1.341,1.8223,-6.4919,3.1112,-1.6001e-09
16,47,-1.341,1.8223,-6.0823,2.6445,-5.8736e-09
16,48,-1.341,1.8223,-6.0779,0.47574,-6.67e-09
16,49,-1.341,1.8223,-6.5641,0.25413,-2.7652e-09
16,50,-1.341,1.8223,-6.5411,1.3214,-2.5435e-09
16,51,-1.341,1.8223,-6.2728,0.78381,6.7845e-09
16,52,-1.341,1.8223,-6.3483,2.1461,6.4434e-09
16,53,-1.341,1.8223,-6.3853,1.3995,8.5431e-09
16,54,-1.341,1.8223,-6.4686,1.6651,8.4118e-09
16,55,-1.341,1.8223,-6.8323,3.0988,8.1348e-11
16,56,-1.341,1.8223,-6.7719,0.1916,1.8153e-10
16,57,-1.341,1.8223,-6.1662,1.8883,8.1359e-09
16,58,-1.341,1.8223,-6.1615,0.78448,8.7159e-09
16,59,-1.341,1.8223,-5.6626,1.5697,-4.4856e-09
16,60,-1.341,1.8223,-6.1383,2.5785,-4.0829e-09
16,61,-1.341,1.8223,-6.4417,0.10916,-1.2516e-09
16,62,-1.341,1.8223,-6.4612,2.9936,-1.3334e-09
16,63,-1.341,1.8223,-6.8065,2.9372,7.7477e-10
16,64,-1.341,1.8223,-6.7499,0.36746,5.519e-10
17,18,-4.3954,1.795,-1.8322,1.8141,-1.2208e-07
17,19,-4.3954,1.795,-4.2568,1.7993,-1.147e-07
17,20,-4.3954,1.795,-0.84612,1.7946,-1.2205e-07
17,21,-4.3954,1.795,-2.3282,1.9896,-1.0825e-07
17,22,-4.3954,1.795,-2.3222,1.6677,-1.221e-07
17,23,-4.3954,1.795,-3.4608,1.9747,-1.0983e-07
17,24,-4.3954,1.795,-3.9445,1.1964,-1.2232e-07
17,25,-4.3954,1.795,-1.971,1.1597,-1.196e-07
17,26,-4.3954,1.795,-1.6217,1.9558,-1.1324e-07
17,27,-4.3954,1.795,-4.0263,1.9147,-1.0801e-07
17,28,-4.3954,1.795,-0.46781,1.918,-1.1711e-07
17,29,-4.3954,1.795,-1.7753,1.1736,-1.1693e-07
17,30,-4.3954,1.795,-4.0864,1.2204,-1.2344e-07
17,31,-4.3954,1.795,-3.7308,1.9383,-1.0748e-07
17,32,-4.3954,1.795,-2.8472,1.979,-1.1581e-07
17,33,-4.3954,1.795,-2.5373,2.2849,-8.5197e-08
17,34,-4.3954,1.795,-0.85235,2.291,-8.6251e-08
17,35,-4.3954,1.795,-7.2003,0.46719,-7.7554e-11
17,36,-4.3954,1.795,-7.1357,2.8462,7.5949e-11
17,37,-4.3954,1.795,-5.9264,0.29628,1.1522e-08
17,38,-4.3954,1.795,-6.8305,1.4213,1.1969e-08
17,39,-4.3954,1.795,-7.6573,1.0787,8.1037e-10
17,40,-4.3954,1.795,-7.1797,2.0081,7.6355e-10
17,41,-4.3954,1.795,-6.7558,0.071307,-1.4488e-10
17,42,-4.3954,1.795,-7.0942,2.5105,-5.6554e-10
17,43,-4.3954,1.795,-6.008,1.3141,-2.5918e-08
17,44,-4.3954,1.795,-5.9648,1.7855,-2.453e-08
17,45,-4.3954,1.795,-6.5568,0.70734,2.414e-09
17,46,-4.3954,1.795,-6.4919,3.1112,-1.2713e-09
17,47,-4.3954,1.795,-6.0823,2.6445,-7.2584e-09
17,48,-4.3954,1.795,-6.0779,0.47574,-8.3066e-09
17,49,-4.3954,1.795,-6.5641,0.25413,-2.1262e-09
17,50,-4.3954,1.795,-6.5411,1.3214,-1.9801e-09
17,51,-4.3954,1.795,-6.2728,0.78381,7.8963e-09
17,52,-4.3954,1.795,-6.3483,2.1461,7.4787e-09
17,53,-4.3954,1.795,-6.3853,1.3995,9.2339e-09
17,54,-4.3954,1.795,-6.4686,1.6651,9.0782e-09
17,55,-4.3954,1.795,-6.8323,3.0988,4.0226e-11
17,56,-4.3954,1.795,-6.7719,0.1916,9.3638e-11
17,57,-4.3954,1.795,-6.1662,1.8883,9.0031e-09
17,58,-4.3954,1.795,-6.1615,0.78448,9.6545e-09
17,59,-4.3954,1.795,-5.6626,1.5697,-5.2654e-09
17,60,-4.3954,1.795,-6.1383,2.5785,-5.64e-09
17,61,-4.3954,1.795,-6.4417,0.10916,-7.7753e-10
17,62,-4.3954,1.795,-6.4612,2.9936,-9.0639e-10
17,63,-4.3954,1.795,-6.8065,2.9372,8.4163e-10
17,64,-4.3954,1.795,-6.7499,0.36746,7.4822e-10
18,19,-1.8322,1.8141,-4.2568,1.7993,-1.061e-07
18,20,-1.8322,1.8141,-0.84612,1.7946,-1.1468e-07
18,21,-1.8322,1.8141,-2.3282,1.9896,-9.8824e-08
18,22,-1.8322,1.8141,-2.3222,1.6677,-1.1634e-07
18,23,-1.8322,1.8141,-3.4608,1.9747,-1.0043e-07
18,24,-1.8322,1.8141,-3.9445,1.1964,-1.2037e-07
18,25,-1.8322,1.8141,-1.971,1.1597,-1.1815e-07
18,26,-1.8322,1.8141,-1.6217,1.9558,-1.0392e-07
18,27,-1.8322,1.8141,-4.0263,1.9147,-9.8824e-08
18,28,-1.8322,1.8141,-0.46781,1.918,-1.0867e-07
18,29,-1.8322,1.8141,-1.7753,1.1736,-1.1575e-07
18,30,-1.8322,1.8141,-4.0864,1.2204,-1.2056e-07
18,31,-1.8322,1.8141,-3.7308,1.9383,-9.818e-08
18,32,-1.8322,1.8141,-2.8472,1.979,-1.0712e-07
18,33,-1.8322,1.8141,-2.5373,2.2849,-7.483e-08
18,34,-1.8322,1.8141,-0.85235,2.291,-7.5701e-08
18,35,-1.8322,1.8141,-7.2003,0.46719,-8.9699e-11
18,36,-1.8322,1.8141,-7.1357,2.8462,5.2724e-11
18,37,-1.8322,1.8141,-5.9264,0.29628,9.6386e-09
18,38,-1.8322,1.8141,-6.8305,1.4213,1.0171e-08
18,39,-1.8322,1.8141,-7.6573,1.0787,8.5603e-10
18,40,-1.8322,1.8141,-7.1797,2.0081,8.0302e-10
18,41,-1.8322,1.8141,-6.7558,0.071307,-2.1555e-10
18,42,-1.8322,1.8141,-7.0942,2.5105,-4.6283e-10
18,43,-1.8322,1.8141,-6.008,1.3141,-2.4623e-08
18,44,-1.8322,1.8141,-5.9648,1.7855,-2.3038e-08
18,45,-1.8322,1.8141,-6.5568,0.70734,2.1767e-09
18,46,-1.8322,1.8141,-6.4919,3.1112,-1.6057e-09
18,47,-1.8322,1.8141,-6.0823,2.6445,-5.8531e-09
18,48,-1.8322,1.8141,-6.0779,0.47574,-6.6468e-09
18,49,-1.8322,1.8141,-6.5641,0.25413,-2.7761e-09
18,50,-1.8322,1.8141,-6.5411,1.3214,-2.5534e-09
18,51,-1.8322,1.8141,-6.2728,0.78381,6.769e-09
18,52,-1.8322,1.8141,-6.3483,2.1461,6.4288e-09
18,53,-1.8322,1.8141,-6.3853,1.3995,8.5346e-09
18,54,-1.8322,1.8141,-6.4686,1.6651,8.4036e-09
18,55,-1.8322,1.8141,-6.8323,3.0988,8.2001e-11
18,56,-1.8322,1.8141,-6.7719,0.1916,1.8278e-10
18,57,-1.8322,1.8141,-6.1662,1.8883,8.1245e-09
18,58,-1.8322,1.8141,-6.1615,0.78448,8.7039e-09
18,59,-1.8322,1.8141,-5.6626,1.5697,-4.4746e-09
18,60,-1.8322,1.8141,-6.1383,2.5785,-4.059e-09
18,61,-1.8322,1.8141,-6.4417,0.10916,-1.2594e-09
18,62,-1.8322,1.8141,-6.4612,2.9936,-1.3405e-09
18,63,-1.8322,1.8141,-6.8065,2.9372,7.7384e-10
18,64,-1.8322,1.8141,-6.7499,0.36746,5.4935e-10
19,20,-4.2568,1.7993,-0.84612,1.7946,-1.2202e-07
19,21,-4.2568,1.7993,-2.3282,1.9896,-1.0818e-07
19,22,-4.2568,1.7993,-2.3222,1.6677,-1.221e-07
19,23,-4.2568,1.7993,-3.4608,1.9747,-1.0976e-07
19,24,-4.2568,1.7993,-3.9445,1.1964,-1.2238e-07
19,25,-4.2568,1.7993,-1.971,1.1597,-1.1966e-07
19,26,-4.2568,1.7993,-1.6217,1.9558,-1.1318e-07
19,27,-4.2568,1.7993,-4.0263,1.9147,-1.0794e-07
19,28,-4.2568,1.7993,-0.46781,1.918,-1.1706e-07
19,29,-4.2568,1.7993,-1.7753,1.1736,-1.17e-07
19,30,-4.2568,1.7993,-4.0864,1.2204,-1.2349e-07
19,31,-4.2568,1.7993,-3.7308,1.9383,-1.0741e-07
19,32,-4.2568,1.7993,-2.8472,1.979,-1.1576e-07
19,33,-4.2568,1.7993,-2.5373,2.2849,-8.5092e-08
19,34,-4.2568,1.7993,-0.85235,2.291,-8.6145e-08
19,35,-4.2568,1.7993,-7.2003,0.46719,-7.781e-11
19,36,-4.2568,1.7993,-7.1357,2.8462,7.5557e-11
19,37,-4.2568,1.7993,-5.9264,0.29628,1.1501e-08
19,38,-4.2568,1.7993,-6.8305,1.4213,1.195e-08
19,39,-4.2568,1.7993,-7.6573,1.0787,8.1172e-10
19,40,-4.2568,1.7993,-7.1797,2.0081,7.6487e-10
19,41,-4.2568,1.7993,-6.7558,0.071307,-1.4612e-10
19,42,-4.2568,1.7993,-7.0942,2.5105,-5.6425e-10
19,43,-4.2568,1.7993,-6.008,1.3141,-2.5917e-08
19,44,-4.2568,1.7993,-5.9648,1.7855,-2.4524e-08
19,45,-4.2568,1.7993,-6.5568,0.70734,2.412e-09
19,46,-4.2568,1.7993,-6.4919,3.1112,-1.2777e-09
19,47,-4.2568,1.7993,-6.0823,2.6445,-7.2406e-09
19,48,-4.2568,1.7993,-6.0779,0.47574,-8.2865e-09
19,49,-4.2568,1.7993,-6.5641,0.25413,-2.1384e-09
19,50,-4.2568,1.7993,-6.5411,1.3214,-1.9912e-09
19,51,-4.2568,1.7993,-6.2728,0.78381,7.8841e-09
19,52,-4.2568,1.7993,-6.3483,2.1461,7.467e-09
19,53,-4.2568,1.7993,-6.3853,1.3995,9.2295e-09
19,54,-4.2568,1.7993,-6.4686,1.6651,9.074e-09
19,55,-4.2568,1.7993,-6.8323,3.0988,4.0934e-11
19,56,-4.2568,1.7993,-6.7719,0.1916,9.5024e-11
19,57,-4.2568,1.7993,-6.1662,1.8883,8.9956e-09
19,58,-4.2568,1.7993,-6.1615,0.78448,9.6466e-09
19,59,-4.2568,1.7993,-5.6626,1.5697,-5.2565e-09
19,60,-4.2568,1.7993,-6.1383,2.5785,-5.618e-09
19,61,-4.2568,1.7993,-6.4417,0.10916,-7.8597e-10
19,62,-4.2568,1.7993,-6.4612,2.9936,-9.1416e-10
19,63,-4.2568,1.7993,-6.8065,2.9372,8.4108e-10
19,64,-4.2568,1.7993,-6.7499,0.36746,7.4586e-10
20,21,-0.84612,1.7946,-2.3282,1.9896,-9.8763e-08
20,22,-0.84612,1.7946,-2.3222,1.6677,-1.1632e-07
20,23,-0.84612,1.7946,-3.4608,1.9747,-1.0037e-07
20,24,-0.84612,1.7946,-3.9445,1.1964,-1.2041e-07
20,25,-0.84612,1.7946,-1.971,1.1597,-1.1819e-07
20,26,-0.84612,1.7946,-1.6217,1.9558,-1.0387e-07
20,27,-0.84612,1.7946,-4.0263,1.9147,-9.8765e-08
20,28,-0.84612,1.7946,-0.46781,1.918,-1.0863e-07
20,29,-0.84612,1.7946,-1.7753,1.1736,-1.1579e-07
20,30,-0.84612,1.7946,-4.0864,1.2204,-1.2059e-07
20,31,-0.84612,1.7946,-3.7308,1.9383,-9.812e-08
20,32,-0.84612,1.7946,-2.8472,1.979,-1.0707e-07
20,33,-0.84612,1.7946,-2.5373,2.2849,-7.4744e-08
20,34,-0.84612,1.7946,-0.85235,2.291,-7.5613e-08
20,35,-0.84612,1.7946,-7.2003,0.46719,-8.9903e-11
20,36,-0.84612,1.7946,-7.1357,2.8462,5.2388e-11
20,37,-0.84612,1.7946,-5.9264,0.29628,9.6218e-09
20,38,-0.84612,1.7946,-6.8305,1.4213,1.0155e-08
20,39,-0.84612,1.7946,-7.6573,1.0787,8.5701e-10
20,40,-0.84612,1.7946,-7.1797,2.0081,8.0401e-10
20,41,-0.84612,1.7946,-6.7558,0.071307,-2.1649e-10
20,42,-0.84612,1.7946,-7.0942,2.5105,-4.618e-10
20,43,-0.84612,1.7946,-6.008,1.3141,-2.4619e-08
20,44,-0.84612,1.7946,-5.9648,1.7855,-2.3032e-08
20,45,-0.84612,1.7946,-6.5568,0.70734,2.175e-09
20,46,-0.84612,1.7946,-6.4919,3.1112,-1.6105e-09
20,47,-0.84612,1.7946,-6.0823,2.6445,-5.8388e-09
20,48,-0.84612,1.7946,-6.0779,0.47574,-6.6308e-09
20,49,-0.84612,1.7946,-6.5641,0.25413,-2.7853e-09
20,50,-0.84612,1.7946,-6.5411,1.3214,-2.5618e-09
20,51,-0.84612,1.7946,-6.2728,0.78381,6.759e-09
20,52,-0.84612,1.7946,-6.3483,2.1461,6.4192e-09
20,53,-0.84612,1.7946,-6.3853,1.3995,8.5305e-09
20,54,-0.84612,1.7946,-6.4686,1.6651,8.3997e-09
20,55,-0.84612,1.7946,-6.8323,3.0988,8.2553e-11
20,56,-0.84612,1.7946,-6.7719,0.1916,1.8382e-10
20,57,-0.84612,1.7946,-6.1662,1.8883,8.118e-09
20,58,-0.84612,1.7946,-6.1615,0.78448,8.6972e-09
20,59,-0.84612,1.7946,-5.6626,1.5697,-4.4674e-09
20,60,-0.84612,1.7946,-6.1383,2.5785,-4.0416e-09
20,61,-0.84612,1.7946,-6.4417,0.10916,-1.2658e-09
20,62,-0.84612,1.7946,-6.4612,2.9936,-1.3464e-09
20,63,-0.84612,1.7946,-6.8065,2.9372,7.7335e-10
20,64,-0.84612,1.7946,-6.7499,0.36746,5.4758e-10
21,22,-2.3282,1.9896,-2.3222,1.6677,-1.1607e-07
21,23,-2.3282,1.9896,-3.4608,1.9747,-9.9104e-08
21,24,-2.3282,1.9896,-3.9445,1.1964,-1.2164e-07
21,25,-2.3282,1.9896,-1.971,1.1597,-1.1938e-07
21,26,-2.3282,1.9896,-1.6217,1.9558,-1.0269e-07
21,27,-2.3282,1.9896,-4.0263,1.9147,-9.7557e-08
21,28,-2.3282,1.9896,-0.46781,1.918,-1.0768e-07
21,29,-2.3282,1.9896,-1.7753,1.1736,-1.1687e-07
21,30,-2.3282,1.9896,-4.0864,1.2204,-1.2174e-07
21,31,-2.3282,1.9896,-3.7308,1.9383,-9.686e-08
21,32,-2.3282,1.9896,-2.8472,1.979,-1.0605e-07
21,33,-2.3282,1.9896,-2.5373,2.2849,-7.2677e-08
21,34,-2.3282,1.9896,-0.85235,2.291,-7.3548e-08
21,35,-2.3282,1.9896,-7.2003,0.46719,-9.5694e-11
21,36,-2.3282,1.9896,-7.1357,2.8462,3.9058e-11
21,37,-2.3282,1.9896,-5.9264,0.29628,9.2501e-09
21,38,-2.3282,1.9896,-6.8305,1.4213,9.8114e-09
21,39,-2.3282,1.9896,-7.6573,1.0787,8.8313e-10
21,40,-2.3282,1.9896,-7.1797,2.0081,8.3721e-10
21,41,-2.3282,1.9896,-6.7558,0.071307,-2.4053e-10
21,42,-2.3282,1.9896,-7.0942,2.5105,-4.345e-10
21,43,-2.3282,1.9896,-6.008,1.3141,-2.4562e-08
21,44,-2.3282,1.9896,-5.9648,1.7855,-2.2947e-08
21,45,-2.3282,1.9896,-6.5568,0.70734,2.1339e-09
21,46,-2.3282,1.9896,-6.4919,3.1112,-1.7321e-09
21,47,-2.3282,1.9896,-6.0823,2.6445,-5.4638e-09
21,48,-2.3282,1.9896,-6.0779,0.47574,-6.2609e-09
21,49,-2.3282,1.9896,-6.5641,0.25413,-3.0255e-09
21,50,-2.3282,1.9896,-6.5411,1.3214,-2.793e-09
21,51,-2.3282,1.9896,-6.2728,0.78381,6.5176e-09
21,52,-2.3282,1.9896,-6.3483,2.1461,6.1738e-09
21,53,-2.3282,1.9896,-6.3853,1.3995,8.4394e-09
21,54,-2.3282,1.9896,-6.4686,1.6651,8.3111e-09
21,55,-2.3282,1.9896,-6.8323,3.0988,9.6995e-11
21,56,-2.3282,1.9896,-6.7719,0.1916,2.0307e-10
21,57,-2.3282,1.9896,-6.1662,1.8883,7.9639e-09
21,58,-2.3282,1.9896,-6.1615,0.78448,8.5504e-09
21,59,-2.3282,1.9896,-5.6626,1.5697,-4.2907e-09
21,60,-2.3282,1.9896,-6.1383,2.5785,-3.5797e-09
21,61,-2.3282,1.9896,-6.4417,0.10916,-1.4299e-09
21,62,-2.3282,1.9896,-6.4612,2.9936,-1.4983e-09
21,63,-2.3282,1.9896,-6.8065,2.9372,7.5854e-10
21,64,-2.3282,1.9896,-6.7499,0.36746,5.2257e-10
22,23,-2.3222,1.6677,-3.4608,1.9747,-1.0456e-07
22,24,-2.3222,1.6677,-3.9445,1.1964,-1.1992e-07
22,25,-2.3222,1.6677,-1.971,1.1597,-1.1752e-07
22,26,-2.3222,1.6677,-1.6217,1.9558,-1.0798e-07
22,27,-2.3222,1.6677,-4.0263,1.9147,-1.0281e-07
22,28,-2.3222,1.6677,-0.46781,1.918,-1.1224e-07
22,29,-2.3222,1.6677,-1.7753,1.1736,-1.1508e-07
22,30,-2.3222,1.6677,-4.0864,1.2204,-1.2054e-07
22,31,-2.3222,1.6677,-3.7308,1.9383,-1.0225e-07
22,32,-2.3222,1.6677,-2.8472,1.979,-1.1085e-07
22,33,-2.3222,1.6677,-2.5373,2.2849,-7.9954e-08
22,34,-2.3222,1.6677,-0.85235,2.291,-8.0894e-08
22,35,-2.3222,1.6677,-7.2003,0.46719,-8.0893e-11
22,36,-2.3222,1.6677,-7.1357,2.8462,7.0956e-11
22,37,-2.3222,1.6677,-5.9264,0.29628,1.0586e-08
22,38,-2.3222,1.6677,-6.8305,1.4213,1.1072e-08
22,39,-2.3222,1.6677,-7.6573,1.0787,8.1825e-10
22,40,-2.3222,1.6677,-7.1797,2.0081,7.6223e-10
22,41,-2.3222,1.6677,-6.7558,0.071307,-1.7157e-10
22,42,-2.3222,1.6677,-7.0942,2.5105,-5.1956e-10
22,43,-2.3222,1.6677,-6.008,1.3141,-2.5086e-08
22,44,-2.3222,1.6677,-5.9648,1.7855,-2.3589e-08
22,45,-2.3222,1.6677,-6.5568,0.70734,2.2891e-09
22,46,-2.3222,1.6677,-6.4919,3.1112,-1.3909e-09
22,47,-2.3222,1.6677,-6.0823,2.6445,-6.6256e-09
22,48,-2.3222,1.6677,-6.0779,0.47574,-7.5162e-09
22,49,-2.3222,1.6677,-6.5641,0.25413,-2.3551e-09
22,50,-2.3222,1.6677,-6.5411,1.3214,-2.1668e-09
22,51,-2.3222,1.6677,-6.2728,0.78381,7.3459e-09
22,52,-2.3222,1.6677,-6.3483,2.1461,6.9768e-09
22,53,-2.3222,1.6677,-6.3853,1.3995,8.8385e-09
22,54,-2.3222,1.6677,-6.4686,1.6651,8.696e-09
22,55,-2.3222,1.6677,-6.8323,3.0988,5.5997e-11
22,56,-2.3222,1.6677,-6.7719,0.1916,1.3579e-10
22,57,-2.3222,1.6677,-6.1662,1.8883,8.538e-09
22,58,-2.3222,1.6677,-6.1615,0.78448,9.1422e-09
22,59,-2.3222,1.6677,-5.6626,1.5697,-4.8848e-09
22,60,-2.3222,1.6677,-6.1383,2.5785,-4.9645e-09
22,61,-2.3222,1.6677,-6.4417,0.10916,-9.5926e-10
22,62,-2.3222,1.6677,-6.4612,2.9936,-1.0666e-09
22,63,-2.3222,1.6677,-6.8065,2.9372,8.0778e-10
22,64,-2.3222,1.6677,-6.7499,0.36746,6.3908e-10
23,24,-3.4608,1.9747,-3.9445,1.1964,-1.2244e-07
23,25,-3.4608,1.9747,-1.971,1.1597,-1.2029e-07
23,26,-3.4608,1.9747,-1.6217,1.9558,-1.0107e-07
23,27,-3.4608,1.9747,-4.0263,1.9147,-9.5907e-08
23,28,-3.4608,1.9747,-0.46781,1.918,-1.0638e-07
23,29,-3.4608,1.9747,-1.7753,1.1736,-1.1781e-07
23,30,-3.4608,1.9747,-4.0864,1.2204,-1.2227e-07
23,31,-3.4608,1.9747,-3.7308,1.9383,-9.5168e-08
23,32,-3.4608,1.9747,-2.8472,1.979,-1.0466e-07
23,33,-3.4608,1.9747,-2.5373,2.2849,-7.0387e-08
23,34,-3.4608,1.9747,-0.85235,2.291,-7.1218e-08
23,35,-3.4608,1.9747,-7.2003,0.46719,-1.0019e-10
23,36,-3.4608,1.9747,-7.1357,2.8462,3.2495e-11
23,37,-3.4608,1.9747,-5.9264,0.29628,8.798e-09
23,38,-3.4608,1.9747,-6.8305,1.4213,9.391e-09
23,39,-3.4608,1.9747,-7.6573,1.0787,9.0644e-10
23,40,-3.4608,1.9747,-7.1797,2.0081,8.5862e-10
23,41,-3.4608,1.9747,-6.7558,0.071307,-2.6395e-10
23,42,-3.4608,1.9747,-7.0942,2.5105,-4.0819e-10
23,43,-3.4608,1.9747,-6.008,1.3141,-2.4451e-08
23,44,-3.4608,1.9747,-5.9648,1.7855,-2.276e-08
23,45,-3.4608,1.9747,-6.5568,0.70734,2.0867e-09
23,46,-3.4608,1.9747,-6.4919,3.1112,-1.852e-09
23,47,-3.4608,1.9747,-6.0823,2.6445,-5.1017e-09
23,48,-3.4608,1.9747,-6.0779,0.47574,-5.839e-09
23,49,-3.4608,1.9747,-6.5641,0.25413,-3.2543e-09
23,50,-3.4608,1.9747,-6.5411,1.3214,-2.9972e-09
23,51,-3.4608,1.9747,-6.2728,0.78381,6.2547e-09
23,52,-3.4608,1.9747,-6.3483,2.1461,5.9276e-09
23,53,-3.4608,1.9747,-6.3853,1.3995,8.3245e-09
23,54,-3.4608,1.9747,-6.4686,1.6651,8.202e-09
23,55,-3.4608,1.9747,-6.8323,3.0988,1.1037e-10
23,56,-3.4608,1.9747,-6.7719,0.1916,2.3108e-10
23,57,-3.4608,1.9747,-6.1662,1.8883,7.7897e-09
23,58,-3.4608,1.9747,-6.1615,0.78448,8.3642e-09
23,59,-3.4608,1.9747,-5.6626,1.5697,-4.1022e-09
23,60,-3.4608,1.9747,-6.1383,2.5785,-3.1436e-09
23,61,-3.4608,1.9747,-6.4417,0.10916,-1.5904e-09
23,62,-3.4608,1.9747,-6.4612,2.9936,-1.6453e-09
23,63,-3.4608,1.9747,-6.8065,2.9372,7.4603e-10
23,64,-3.4608,1.9747,-6.7499,0.36746,4.7033e-10
24,25,-3.9445,1.1964,-1.971,1.1597,-9.4277e-08
24,26,-3.9445,1.1964,-1.6217,1.9558,-1.2003e-07
24,27,-3.9445,1.1964,-4.0263,1.9147,-1.1566e-07
24,28,-3.9445,1.1964,-0.46781,1.918,-1.1976e-07
24,29,-3.9445,1.1964,-1.7753,1.1736,-9.1879e-08
24,30,-3.9445,1.1964,-4.0864,1.2204,-1.0143e-07
24,31,-3.9445,1.1964,-3.7308,1.9383,-1.1576e-07
24,32,-3.9445,1.1964,-2.8472,1.979,-1.1975e-07
24,33,-3.9445,1.1964,-2.5373,2.2849,-1.0413e-07
24,34,-3.9445,1.1964,-0.85235,2.291,-1.0546e-07
24,35,-3.9445,1.1964,-7.2003,0.46719,-6.1614e-12
24,36,-3.9445,1.1964,-7.1357,2.8462,1.7564e-10
24,37,-3.9445,1.1964,-5.9264,0.29628,1.575e-08
24,38,-3.9445,1.1964,-6.8305,1.4213,1.5767e-08
24,39,-3.9445,1.1964,-7.6573,1.0787,4.1692e-10
24,40,-3.9445,1.1964,-7.1797,2.0081,3.6903e-10
24,41,-3.9445,1.1964,-6.7558,0.071307,1.7205e-10
24,42,-3.9445,1.1964,-7.0942,2.5105,-8.3744e-10
24,43,-3.9445,1.1964,-6.008,1.3141,-2.4352e-08
24,44,-3.9445,1.1964,-5.9648,1.7855,-2.3901e-08
24,45,-3.9445,1.1964,-6.5568,0.70734,2.7276e-09
24,46,-3.9445,1.1964,-6.4919,3.1112,3.822e-10
24,47,-3.9445,1.1964,-6.0823,2.6445,-1.1079e-08
24,48,-3.9445,1.1964,-6.0779,0.47574,-1.2584e-08
24,49,-3.9445,1.1964,-6.5641,0.25413,1.0299e-09
24,50,-3.9445,1.1964,-6.5411,1.3214,9.0049e-10
24,51,-3.9445,1.1964,-6.2728,0.78381,1.03e-08
24,52,-3.9445,1.1964,-6.3483,2.1461,9.7735e-09
24,53,-3.9445,1.1964,-6.3853,1.3995,9.6049e-09
24,54,-3.9445,1.1964,-6.4686,1.6651,9.4034e-09
24,55,-3.9445,1.1964,-6.8323,3.0988,-1.3842e-10
24,56,-3.9445,1.1964,-6.7719,0.1916,-2.4468e-10
24,57,-3.9445,1.1964,-6.1662,1.8883,1.0159e-08
24,58,-3.9445,1.1964,-6.1615,0.78448,1.0842e-08
24,59,-3.9445,1.1964,-5.6626,1.5697,-7.0374e-09
24,60,-3.9445,1.1964,-6.1383,2.5785,-1.0614e-08
24,61,-3.9445,1.1964,-6.4417,0.10916,1.3438e-09
24,62,-3.9445,1.1964,-6.4612,2.9936,1.0624e-09
24,63,-3.9445,1.1964,-6.8065,2.9372,9.1214e-10
24,64,-3.9445,1.1964,-6.7499,0.36746,1.2372e-09
25,26,-1.971,1.1597,-1.6217,1.9558,-1.2236e-07
25,27,-1.971,1.1597,-4.0263,1.9147,-1.1775e-07
25,28,-1.971,1.1597,-0.46781,1.918,-1.2237e-07
25,29,-1.971,1.1597,-1.7753,1.1736,-9.5391e-08
25,30,-1.971,1.1597,-4.0864,1.2204,-1.0501e-07
25,31,-1.971,1.1597,-3.7308,1.9383,-1.1782e-07
25,32,-1.971,1.1597,-2.8472,1.979,-1.2229e-07
25,33,-1.971,1.1597,-2.5373,2.2849,-1.0536e-07
25,34,-1.971,1.1597,-0.85235,2.291,-1.0671e-07
25,35,-1.971,1.1597,-7.2003,0.46719,-1.0276e-11
25,36,-1.971,1.1597,-7.1357,2.8462,1.7502e-10
25,37,-1.971,1.1597,-5.9264,0.29628,1.5864e-08
25,38,-1.971,1.1597,-6.8305,1.4213,1.5915e-08
25,39,-1.971,1.1597,-7.6573,1.0787,4.4908e-10
25,40,-1.971,1.1597,-7.1797,2.0081,3.9854e-10
25,41,-1.971,1.1597,-6.7558,0.071307,1.5749e-10
25,42,-1.971,1.1597,-7.0942,2.5105,-8.4114e-10
25,43,-1.971,1.1597,-6.008,1.3141,-2.5001e-08
25,44,-1.971,1.1597,-5.9648,1.7855,-2.4465e-08
25,45,-1.971,1.1597,-6.5568,0.70734,2.7715e-09
25,46,-1.971,1.1597,-6.4919,3.1112,2.9369e-10
25,47,-1.971,1.1597,-6.0823,2.6445,-1.1108e-08
25,48,-1.971,1.1597,-6.0779,0.47574,-1.2624e-08
25,49,-1.971,1.1597,-6.5641,0.25413,8.7111e-10
25,50,-1.971,1.1597,-6.5411,1.3214,7.5866e-10
25,51,-1.971,1.1597,-6.2728,0.78381,1.0397e-08
25,52,-1.971,1.1597,-6.3483,2.1461,9.862e-09
25,53,-1.971,1.1597,-6.3853,1.3995,9.8013e-09
25,54,-1.971,1.1597,-6.4686,1.6651,9.5971e-09
25,55,-1.971,1.1597,-6.8323,3.0988,-1.3136e-10
25,56,-1.971,1.1597,-6.7719,0.1916,-2.2887e-10
25,57,-1.971,1.1597,-6.1662,1.8883,1.0319e-08
25,58,-1.971,1.1597,-6.1615,0.78448,1.1019e-08
25,59,-1.971,1.1597,-5.6626,1.5697,-7.0958e-09
25,60,-1.971,1.1597,-6.1383,2.5785,-1.0568e-08
25,61,-1.971,1.1597,-6.4417,0.10916,1.2516e-09
25,62,-1.971,1.1597,-6.4612,2.9936,9.7318e-10
25,63,-1.971,1.1597,-6.8065,2.9372,9.2952e-10
25,64,-1.971,1.1597,-6.7499,0.36746,1.2323e-09
26,27,-1.6217,1.9558,-4.0263,1.9147,-9.2963e-08
26,28,-1.6217,1.9558,-0.46781,1.918,-1.0339e-07
26,29,-1.6217,1.9558,-1.7753,1.1736,-1.1606e-07
26,30,-1.6217,1.9558,-4.0864,1.2204,-1.2011e-07
26,31,-1.6217,1.9558,-3.7308,1.9383,-9.2211e-08
26,32,-1.6217,1.9558,-2.8472,1.979,-1.0164e-07
26,33,-1.6217,1.9558,-2.5373,2.2849,-6.7543e-08
26,34,-1.6217,1.9558,-0.85235,2.291,-6.8326e-08
26,35,-1.6217,1.9558,-7.2003,0.46719,-1.0173e-10
26,36,-1.6217,1.9558,-7.1357,2.8462,2.697e-11
26,37,-1.6217,1.9558,-5.9264,0.29628,8.3275e-09
26,38,-1.6217,1.9558,-6.8305,1.4213,8.9246e-09
26,39,-1.6217,1.9558,-7.6573,1.0787,9.0367e-10
26,40,-1.6217,1.9558,-7.1797,2.0081,8.5558e-10
26,41,-1.6217,1.9558,-6.7558,0.071307,-2.7432e-10
26,42,-1.6217,1.9558,-7.0942,2.5105,-3.8421e-10
26,43,-1.6217,1.9558,-6.008,1.3141,-2.3886e-08
26,44,-1.6217,1.9558,-5.9648,1.7855,-2.2186e-08
26,45,-1.6217,1.9558,-6.5568,0.70734,2.0155e-09
26,46,-1.6217,1.9558,-6.4919,3.1112,-1.8891e-09
26,47,-1.6217,1.9558,-6.0823,2.6445,-4.7745e-09
26,48,-1.6217,1.9558,-6.0779,0.47574,-5.4493e-09
26,49,-1.6217,1.9558,-6.5641,0.25413,-3.3324e-09
26,50,-1.6217,1.9558,-6.5411,1.3214,-3.0652e-09
26,51,-1.6217,1.9558,-6.2728,0.78381,5.9604e-09
26,52,-1.6217,1.9558,-6.3483,2.1461,5.6545e-09
26,53,-1.6217,1.9558,-6.3853,1.3995,8.0855e-09
26,54,-1.6217,1.9558,-6.4686,1.6651,7.9696e-09
26,55,-1.6217,1.9558,-6.8323,3.0988,1.1729e-10
26,56,-1.6217,1.9558,-6.7719,0.1916,2.4508e-10
26,57,-1.6217,1.9558,-6.1662,1.8883,7.525e-09
26,58,-1.6217,1.9558,-6.1615,0.78448,8.0753e-09
26,59,-1.6217,1.9558,-5.6626,1.5697,-3.9009e-09
26,60,-1.6217,1.9558,-6.1383,2.5785,-2.8088e-09
26,61,-1.6217,1.9558,-6.4417,0.10916,-1.6589e-09
26,62,-1.6217,1.9558,-6.4612,2.9936,-1.7043e-09
26,63,-1.6217,1.9558,-6.8065,2.9372,7.2419e-10
26,64,-1.6217,1.9558,-6.7499,0.36746,4.282e-10
27,28,-4.0263,1.9147,-0.46781,1.918,-1.1095e-07
27,29,-4.0263,1.9147,-1.7753,1.1736,-1.1742e-07
27,30,-4.0263,1.9147,-4.0864,1.2204,-1.2284e-07
27,31,-4.0263,1.9147,-3.7308,1.9383,-1.0041e-07
27,32,-4.0263,1.9147,-2.8472,1.979,-1.0941e-07
27,33,-4.0263,1.9147,-2.5373,2.2849,-7.6665e-08
27,34,-4.0263,1.9147,-0.85235,2.291,-7.7598e-08
27,35,-4.0263,1.9147,-7.2003,0.46719,-9.0904e-11
27,36,-4.0263,1.9147,-7.1357,2.8462,4.954e-11
27,37,-4.0263,1.9147,-5.9264,0.29628,9.9627e-09
27,38,-4.0263,1.9147,-6.8305,1.4213,1.0494e-08
27,39,-4.0263,1.9147,-7.6573,1.0787,8.6611e-10
27,40,-4.0263,1.9147,-7.1797,2.0081,8.2031e-10
27,41,-4.0263,1.9147,-6.7558,0.071307,-2.138e-10
27,42,-4.0263,1.9147,-7.0942,2.5105,-4.7458e-10
27,43,-4.0263,1.9147,-6.008,1.3141,-2.5074e-08
27,44,-4.0263,1.9147,-5.9648,1.7855,-2.3518e-08
27,45,-4.0263,1.9147,-6.5568,0.70734,2.2257e-09
27,46,-4.0263,1.9147,-6.4919,3.1112,-1.606e-09
27,47,-4.0263,1.9147,-6.0823,2.6445,-6.0095e-09
27,48,-4.0263,1.9147,-6.0779,0.47574,-6.8904e-09
27,49,-4.0263,1.9147,-6.5641,0.25413,-2.778e-09
27,50,-4.0263,1.9147,-6.5411,1.3214,-2.5704e-09
27,51,-4.0263,1.9147,-6.2728,0.78381,6.951e-09
27,52,-4.0263,1.9147,-6.3483,2.1461,6.5816e-09
27,53,-4.0263,1.9147,-6.3853,1.3995,8.7108e-09
27,54,-4.0263,1.9147,-6.4686,1.6651,8.5737e-09
27,55,-4.0263,1.9147,-6.8323,3.0988,8.0937e-11
27,56,-4.0263,1.9147,-6.7719,0.1916,1.7155e-10
27,57,-4.0263,1.9147,-6.1662,1.8883,8.3035e-09
27,58,-4.0263,1.9147,-6.1615,0.78448,8.9144e-09
27,59,-4.0263,1.9147,-5.6626,1.5697,-4.5952e-09
27,60,-4.0263,1.9147,-6.1383,2.5785,-4.1935e-09
27,61,-4.0263,1.9147,-6.4417,0.10916,-1.2466e-09
27,62,-4.0263,1.9147,-6.4612,2.9936,-1.3328e-09
27,63,-4.0263,1.9147,-6.8065,2.9372,7.8606e-10
27,64,-4.0263,1.9147,-6.7499,0.36746,5.9242e-10
28,29,-0.46781,1.918,-1.7753,1.1736,-1.1366e-07
28,30,-0.46781,1.918,-4.0864,1.2204,-1.175e-07
28,31,-0.46781,1.918,-3.7308,1.9383,-9.048e-08
28,32,-0.46781,1.918,-2.8472,1.979,-9.9662e-08
28,33,-0.46781,1.918,-2.5373,2.2849,-6.6412e-08
28,34,-0.46781,1.918,-0.85235,2.291,-6.7169e-08
28,35,-0.46781,1.918,-7.2003,0.46719,-9.8777e-11
28,36,-0.46781,1.918,-7.1357,2.8462,2.8719e-11
28,37,-0.46781,1.918,-5.9264,0.29628,8.1847e-09
28,38,-0.46781,1.918,-6.8305,1.4213,8.7651e-09
28,39,-0.46781,1.918,-7.6573,1.0787,8.825e-10
28,40,-0.46781,1.918,-7.1797,2.0081,8.3353e-10
28,41,-0.46781,1.918,-6.7558,0.071307,-2.6639e-10
28,42,-0.46781,1.918,-7.0942,2.5105,-3.7967e-10
28,43,-0.46781,1.918,-6.008,1.3141,-2.3411e-08
28,44,-0.46781,1.918,-5.9648,1.7855,-2.1745e-08
28,45,-0.46781,1.918,-6.5568,0.70734,1.979e-09
28,46,-0.46781,1.918,-6.4919,3.1112,-1.8379e-09
28,47,-0.46781,1.918,-6.0823,2.6445,-4.7255e-09
28,48,-0.46781,1.918,-6.0779,0.47574,-5.3701e-09
28,49,-0.46781,1.918,-6.5641,0.25413,-3.2392e-09
28,50,-0.46781,1.918,-6.5411,1.3214,-2.9762e-09
28,51,-0.46781,1.918,-6.2728,0.78381,5.864e-09
28,52,-0.46781,1.918,-6.3483,2.1461,5.5705e-09
28,53,-0.46781,1.918,-6.3853,1.3995,7.932e-09
28,54,-0.46781,1.918,-6.4686,1.6651,7.8191e-09
28,55,-0.46781,1.918,-6.8323,3.0988,1.1313e-10
28,56,-0.46781,1.918,-6.7719,0.1916,2.3946e-10
28,57,-0.46781,1.918,-6.1662,1.8883,7.3919e-09
28,58,-0.46781,1.918,-6.1615,0.78448,7.9242e-09
28,59,-0.46781,1.918,-5.6626,1.5697,-3.8404e-09
28,60,-0.46781,1.918,-6.1383,2.5785,-2.8095e-09
28,61,-0.46781,1.918,-6.4417,0.10916,-1.6082e-09
28,62,-0.46781,1.918,-6.4612,2.9936,-1.6536e-09
28,63,-0.46781,1.918,-6.8065,2.9372,7.1213e-10
28,64,-0.46781,1.918,-6.7499,0.36746,4.1825e-10
29,30,-1.7753,1.1736,-4.0864,1.2204,-1.0849e-07
29,31,-1.7753,1.1736,-3.7308,1.9383,-1.1743e-07
29,32,-1.7753,1.1736,-2.8472,1.979,-1.2262e-07
29,33,-1.7753,1.1736,-2.5373,2.2849,-1.0359e-07
29,34,-1.7753,1.1736,-0.85235,2.291,-1.049e-07
29,35,-1.7753,1.1736,-7.2003,0.46719,-1.9032e-11
29,36,-1.7753,1.1736,-7.1357,2.8462,1.6619e-10
29,37,-1.7753,1.1736,-5.9264,0.29628,1.5415e-08
29,38,-1.7753,1.1736,-6.8305,1.4213,1.5534e-08
29,39,-1.7753,1.1736,-7.6573,1.0787,5.0234e-10
29,40,-1.7753,1.1736,-7.1797,2.0081,4.4808e-10
29,41,-1.7753,1.1736,-6.7558,0.071307,1.1806e-10
29,42,-1.7753,1.1736,-7.0942,2.5105,-8.1245e-10
29,43,-1.7753,1.1736,-6.008,1.3141,-2.5377e-08
29,44,-1.7753,1.1736,-5.9648,1.7855,-2.4688e-08
29,45,-1.7753,1.1736,-6.5568,0.70734,2.7497e-09
29,46,-1.7753,1.1736,-6.4919,3.1112,8.0842e-11
29,47,-1.7753,1.1736,-6.0823,2.6445,-1.0695e-08
29,48,-1.7753,1.1736,-6.0779,0.47574,-1.2153e-08
29,49,-1.7753,1.1736,-6.5641,0.25413,4.7222e-10
29,50,-1.7753,1.1736,-6.5411,1.3214,4.0128e-10
29,51,-1.7753,1.1736,-6.2728,0.78381,1.0159e-08
29,52,-1.7753,1.1736,-6.3483,2.1461,9.6358e-09
29,53,-1.7753,1.1736,-6.3853,1.3995,9.8189e-09
29,54,-1.7753,1.1736,-6.4686,1.6651,9.6189e-09
29,55,-1.7753,1.1736,-6.8323,3.0988,-1.0968e-10
29,56,-1.7753,1.1736,-6.7719,0.1916,-1.8363e-10
29,57,-1.7753,1.1736,-6.1662,1.8883,1.0236e-08
29,58,-1.7753,1.1736,-6.1615,0.78448,1.0938e-08
29,59,-1.7753,1.1736,-5.6626,1.5697,-6.9165e-09
29,60,-1.7753,1.1736,-6.1383,2.5785,-1.0007e-08
29,61,-1.7753,1.1736,-6.4417,0.10916,9.8728e-10
29,62,-1.7753,1.1736,-6.4612,2.9936,7.2698e-10
29,63,-1.7753,1.1736,-6.8065,2.9372,9.2786e-10
29,64,-1.7753,1.1736,-6.7499,0.36746,1.168e-09
30,31,-4.0864,1.2204,-3.7308,1.9383,-1.137e-07
30,32,-4.0864,1.2204,-2.8472,1.979,-1.1746e-07
30,33,-4.0864,1.2204,-2.5373,2.2849,-1.0236e-07
30,34,-4.0864,1.2204,-0.85235,2.291,-1.0367e-07
30,35,-4.0864,1.2204,-7.2003,0.46719,-5.1308e-12
30,36,-4.0864,1.2204,-7.1357,2.8462,1.7261e-10
30,37,-4.0864,1.2204,-5.9264,0.29628,1.549e-08
30,38,-4.0864,1.2204,-6.8305,1.4213,1.5493e-08
30,39,-4.0864,1.2204,-7.6573,1.0787,4.0465e-10
30,40,-4.0864,1.2204,-7.1797,2.0081,3.5916e-10
30,41,-4.0864,1.2204,-6.7558,0.071307,1.7262e-10
30,42,-4.0864,1.2204,-7.0942,2.5105,-8.2332e-10
30,43,-4.0864,1.2204,-6.008,1.3141,-2.3863e-08
30,44,-4.0864,1.2204,-5.9648,1.7855,-2.3451e-08
30,45,-4.0864,1.2204,-6.5568,0.70734,2.6779e-09
30,46,-4.0864,1.2204,-6.4919,3.1112,3.9276e-10
30,47,-4.0864,1.2204,-6.0823,2.6445,-1.0907e-08
30,48,-4.0864,1.2204,-6.0779,0.47574,-1.2386e-08
30,49,-4.0864,1.2204,-6.5641,0.25413,1.0415e-09
30,50,-4.0864,1.2204,-6.5411,1.3214,9.0768e-10
30,51,-4.0864,1.2204,-6.2728,0.78381,1.0126e-08
30,52,-4.0864,1.2204,-6.3483,2.1461,9.6102e-09
30,53,-4.0864,1.2204,-6.3853,1.3995,9.4241e-09
30,54,-4.0864,1.2204,-6.4686,1.6651,9.2268e-09
30,55,-4.0864,1.2204,-6.8323,3.0988,-1.3778e-10
30,56,-4.0864,1.2204,-6.7719,0.1916,-2.4566e-10
30,57,-4.0864,1.2204,-6.1662,1.8883,9.98e-09
30,58,-4.0864,1.2204,-6.1615,0.78448,1.0646e-08
30,59,-4.0864,1.2204,-5.6626,1.5697,-6.9189e-09
30,60,-4.0864,1.2204,-6.1383,2.5785,-1.0461e-08
30,61,-4.0864,1.2204,-6.4417,0.10916,1.3392e-09
30,62,-4.0864,1.2204,-6.4612,2.9936,1.061e-09
30,63,-4.0864,1.2204,-6.8065,2.9372,8.94e-10
30,64,-4.0864,1.2204,-6.7499,0.36746,1.2229e-09
31,32,-3.7308,1.9383,-2.8472,1.979,-1.0797e-07
31,33,-3.7308,1.9383,-2.5373,2.2849,-7.4788e-08
31,34,-3.7308,1.9383,-0.85235,2.291,-7.5694e-08
31,35,-3.7308,1.9383,-7.2003,0.46719,-9.3544e-11
31,36,-3.7308,1.9383,-7.1357,2.8462,4.4257e-11
31,37,-3.7308,1.9383,-5.9264,0.29628,9.62e-09
31,38,-3.7308,1.9383,-6.8305,1.4213,1.0169e-08
31,39,-3.7308,1.9383,-7.6573,1.0787,8.7732e-10
31,40,-3.7308,1.9383,-7.1797,2.0081,8.314e-10
31,41,-3.7308,1.9383,-6.7558,0.071307,-2.2825e-10
31,42,-3.7308,1.9383,-7.0942,2.5105,-4.5476e-10
31,43,-3.7308,1.9383,-6.008,1.3141,-2.4877e-08
31,44,-3.7308,1.9383,-5.9648,1.7855,-2.3284e-08
31,45,-3.7308,1.9383,-6.5568,0.70734,2.1838e-09
31,46,-3.7308,1.9383,-6.4919,3.1112,-1.6768e-09
31,47,-3.7308,1.9383,-6.0823,2.6445,-5.7397e-09
31,48,-3.7308,1.9383,-6.0779,0.47574,-6.5816e-09
31,49,-3.7308,1.9383,-6.5641,0.25413,-2.9155e-09
31,50,-3.7308,1.9383,-6.5411,1.3214,-2.6944e-09
31,51,-3.7308,1.9383,-6.2728,0.78381,6.744e-09
31,52,-3.7308,1.9383,-6.3483,2.1461,6.3861e-09
31,53,-3.7308,1.9383,-6.3853,1.3995,8.5929e-09
31,54,-3.7308,1.9383,-6.4686,1.6651,8.46e-09
31,55,-3.7308,1.9383,-6.8323,3.0988,8.9447e-11
31,56,-3.7308,1.9383,-6.7719,0.1916,1.8831e-10
31,57,-3.7308,1.9383,-6.1662,1.8883,8.1485e-09
31,58,-3.7308,1.9383,-6.1615,0.78448,8.7495e-09
31,59,-3.7308,1.9383,-5.6626,1.5697,-4.4486e-09
31,60,-3.7308,1.9383,-6.1383,2.5785,-3.8829e-09
31,61,-3.7308,1.9383,-6.4417,0.10916,-1.3462e-09
31,62,-3.7308,1.9383,-6.4612,2.9936,-1.4233e-09
31,63,-3.7308,1.9383,-6.8065,2.9372,7.7366e-10
31,64,-3.7308,1.9383,-6.7499,0.36746,5.5762e-10
32,33,-2.8472,1.979,-2.5373,2.2849,-6.531e-08
32,34,-2.8472,1.979,-0.85235,2.291,-6.6053e-08
32,35,-2.8472,1.979,-7.2003,0.46719,-1.0015e-10
32,36,-2.8472,1.979,-7.1357,2.8462,2.5359e-11
32,37,-2.8472,1.979,-5.9264,0.29628,7.9856e-09
32,38,-2.8472,1.979,-6.8305,1.4213,8.5765e-09
32,39,-2.8472,1.979,-7.6573,1.0787,8.8921e-10
32,40,-2.8472,1.979,-7.1797,2.0081,8.4084e-10
32,41,-2.8472,1.979,-6.7558,0.071307,-2.748e-10
32,42,-2.8472,1.979,-7.0942,2.5105,-3.6742e-10
32,43,-2.8472,1.979,-6.008,1.3141,-2.3299e-08
32,44,-2.8472,1.979,-5.9648,1.7855,-2.1615e-08
32,45,-2.8472,1.979,-6.5568,0.70734,1.9542e-09
32,46,-2.8472,1.979,-6.4919,3.1112,-1.8809e-09
32,47,-2.8472,1.979,-6.0823,2.6445,-4.5635e-09
32,48,-2.8472,1.979,-6.0779,0.47574,-5.1895e-09
32,49,-2.8472,1.979,-6.5641,0.25413,-3.3233e-09
32,50,-2.8472,1.979,-6.5411,1.3214,-3.0532e-09
32,51,-2.8472,1.979,-6.2728,0.78381,5.7424e-09
32,52,-2.8472,1.979,-6.3483,2.1461,5.4542e-09
32,53,-2.8472,1.979,-6.3853,1.3995,7.8635e-09
32,54,-2.8472,1.979,-6.4686,1.6651,7.753e-09
32,55,-2.8472,1.979,-6.8323,3.0988,1.1802e-10
32,56,-2.8472,1.979,-6.7719,0.1916,2.4855e-10
32,57,-2.8472,1.979,-6.1662,1.8883,7.3015e-09
32,58,-2.8472,1.979,-6.1615,0.78448,7.8294e-09
32,59,-2.8472,1.979,-5.6626,1.5697,-3.7534e-09
32,60,-2.8472,1.979,-6.1383,2.5785,-2.6217e-09
32,61,-2.8472,1.979,-6.4417,0.10916,-1.6688e-09
32,62,-2.8472,1.979,-6.4612,2.9936,-1.7087e-09
32,63,-2.8472,1.979,-6.8065,2.9372,7.0427e-10
32,64,-2.8472,1.979,-6.7499,0.36746,3.9914e-10
33,34,-2.5373,2.2849,-0.85235,2.291,-4.1359e-08
33,35,-2.5373,2.2849,-7.2003,0.46719,-1.1863e-10
33,36,-2.5373,2.2849,-7.1357,2.8462,-3.6962e-11
33,37,-2.5373,2.2849,-5.9264,0.29628,3.9311e-09
33,38,-2.5373,2.2849,-6.8305,1.4213,4.632e-09
33,39,-2.5373,2.2849,-7.6573,1.0787,9.2073e-10
33,40,-2.5373,2.2849,-7.1797,2.0081,8.8513e-10
33,41,-2.5373,2.2849,-6.7558,0.071307,-3.9388e-10
33,42,-2.5373,2.2849,-7.0942,2.5105,-1.3695e-10
33,43,-2.5373,2.2849,-6.008,1.3141,-1.924e-08
33,44,-2.5373,2.2849,-5.9648,1.7855,-1.7403e-08
33,45,-2.5373,2.2849,-6.5568,0.70734,1.3647e-09
33,46,-2.5373,2.2849,-6.4919,3.1112,-2.4062e-09
33,47,-2.5373,2.2849,-6.0823,2.6445,-1.4613e-09
33,48,-2.5373,2.2849,-6.0779,0.47574,-1.6995e-09
33,49,-2.5373,2.2849,-6.5641,0.25413,-4.3858e-09
33,50,-2.5373,2.2849,-6.5411,1.3214,-4.0218e-09
33,51,-2.5373,2.2849,-6.2728,0.78381,3.1812e-09
33,52,-2.5373,2.2849,-6.3483,2.1461,3.0161e-09
33,53,-2.5373,2.2849,-6.3853,1.3995,5.9913e-09
33,54,-2.5373,2.2849,-6.4686,1.6651,5.9303e-09
33,55,-2.5373,2.2849,-6.8323,3.0988,1.9265e-10
33,56,-2.5373,2.2849,-6.7719,0.1916,3.8332e-10
33,57,-2.5373,2.2849,-6.1662,1.8883,5.1126e-09
33,58,-2.5373,2.2849,-6.1615,0.78448,5.509e-09
33,59,-2.5373,2.2849,-5.6626,1.5697,-1.9667e-09
33,60,-2.5373,2.2849,-6.1383,2.5785,7.1674e-10
33,61,-2.5373,2.2849,-6.4417,0.10916,-2.5024e-09
33,62,-2.5373,2.2849,-6.4612,2.9936,-2.4483e-09
33,63,-2.5373,2.2849,-6.8065,2.9372,5.153e-10
33,64,-2.5373,2.2849,-6.7499,0.36746,4.5175e-11
34,35,-0.85235,2.291,-7.2003,0.46719,-1.1721e-10
34,36,-0.85235,2.291,-7.1357,2.8462,-3.68e-11
34,37,-0.85235,2.291,-5.9264,0.29628,3.8946e-09
34,38,-0.85235,2.291,-6.8305,1.4213,4.5844e-09
34,39,-0.85235,2.291,-7.6573,1.0787,9.0884e-10
34,40,-0.85235,2.291,-7.1797,2.0081,8.7425e-10
34,41,-0.85235,2.291,-6.7558,0.071307,-3.8842e-10
34,42,-0.85235,2.291,-7.0942,2.5105,-1.3601e-10
34,43,-0.85235,2.291,-6.008,1.3141,-1.9004e-08
34,44,-0.85235,2.291,-5.9648,1.7855,-1.7198e-08
34,45,-0.85235,2.291,-6.5568,0.70734,1.3493e-09
34,46,-0.85235,2.291,-6.4919,3.1112,-2.3725e-09
34,47,-0.85235,2.291,-6.0823,2.6445,-1.454e-09
34,48,-0.85235,2.291,-6.0779,0.47574,-1.6905e-09
34,49,-0.85235,2.291,-6.5641,0.25413,-4.3251e-09
34,50,-0.85235,2.291,-6.5411,1.3214,-3.9675e-09
34,51,-0.85235,2.291,-6.2728,0.78381,3.1489e-09
34,52,-0.85235,2.291,-6.3483,2.1461,2.9859e-09
34,53,-0.85235,2.291,-6.3853,1.3995,5.9209e-09
34,54,-0.85235,2.291,-6.4686,1.6651,5.8605e-09
34,55,-0.85235,2.291,-6.8323,3.0988,1.9005e-10
34,56,-0.85235,2.291,-6.7719,0.1916,3.7733e-10
34,57,-0.85235,2.291,-6.1662,1.8883,5.0557e-09
34,58,-0.85235,2.291,-6.1615,0.78448,5.4462e-09
34,59,-0.85235,2.291,-5.6626,1.5697,-1.9477e-09
34,60,-0.85235,2.291,-6.1383,2.5785,6.9566e-10
34,61,-0.85235,2.291,-6.4417,0.10916,-2.4668e-09
34,62,-0.85235,2.291,-6.4612,2.9936,-2.4139e-09
34,63,-0.85235,2.291,-6.8065,2.9372,5.0916e-10
34,64,-0.85235,2.291,-6.7499,0.36746,4.7771e-11
35,36,-7.2003,0.46719,-7.1357,2.8462,2.6466e-11
35,37,-7.2003,0.46719,-5.9264,0.29628,-4.1961e-12
35,38,-7.2003,0.46719,-6.8305,1.4213,3.3464e-11
35,39,-7.2003,0.46719,-7.6573,1.0787,-2.6483e-11
35,40,-7.2003,0.46719,-7.1797,2.0081,-2.71e-11
35,41,-7.2003,0.46719,-6.7558,0.071307,2.8131e-11
35,42,-7.2003,0.46719,-7.0942,2.5105,2.3687e-11
35,43,-7.2003,0.46719,-6.008,1.3141,-4.9371e-11
35,44,-7.2003,0.46719,-5.9648,1.7855,-4.9986e-11
35,45,-7.2003,0.46719,-6.5568,0.70734,-2.2113e-11
35,46,-7.2003,0.46719,-6.4919,3.1112,-1.7686e-11
35,47,-7.2003,0.46719,-6.0823,2.6445,-4.9637e-11
35,48,-7.2003,0.46719,-6.0779,0.47574,-6.1275e-11
35,49,-7.2003,0.46719,-6.5641,0.25413,-1.512e-11
35,50,-7.2003,0.46719,-6.5411,1.3214,-1.1122e-11
35,51,-7.2003,0.46719,-6.2728,0.78381,4.991e-11
35,52,-7.2003,0.46719,-6.3483,2.1461,4.3872e-11
35,53,-7.2003,0.46719,-6.3853,1.3995,-1.265e-11
35,54,-7.2003,0.46719,-6.4686,1.6651,-1.1797e-11
35,55,-7.2003,0.46719,-6.8323,3.0988,-2.6229e-11
35,56,-7.2003,0.46719,-6.7719,0.1916,-2.7691e-11
35,57,-7.2003,0.46719,-6.1662,1.8883,4.0317e-11
35,58,-7.2003,0.46719,-6.1615,0.78448,4.5399e-11
35,59,-7.2003,0.46719,-5.6626,1.5697,1.1813e-11
35,60,-7.2003,0.46719,-6.1383,2.5785,-5.0561e-11
35,61,-7.2003,0.46719,-6.4417,0.10916,-1.812e-11
35,62,-7.2003,0.46719,-6.4612,2.9936,-1.5151e-11
35,63,-7.2003,0.46719,-6.8065,2.9372,-2.4115e-11
35,64,-7.2003,0.46719,-6.7499,0.36746,-2.3781e-11
36,37,-7.1357,2.8462,-5.9264,0.29628,-3.0938e-11
36,38,-7.1357,2.8462,-6.8305,1.4213,7.5055e-12
36,39,-7.1357,2.8462,-7.6573,1.0787,-2.731e-11
36,40,-7.1357,2.8462,-7.1797,2.0081,-2.7397e-11
36,41,-7.1357,2.8462,-6.7558,0.071307,2.7894e-11
36,42,-7.1357,2.8462,-7.0942,2.5105,2.5593e-11
36,43,-7.1357,2.8462,-6.008,1.3141,-1.2988e-11
36,44,-7.1357,2.8462,-5.9648,1.7855,-1.4914e-11
36,45,-7.1357,2.8462,-6.5568,0.70734,-2.6972e-11
36,46,-7.1357,2.8462,-6.4919,3.1112,-1.9463e-11
36,47,-7.1357,2.8462,-6.0823,2.6445,-3.024e-11
36,48,-7.1357,2.8462,-6.0779,0.47574,-4.0064e-11
36,49,-7.1357,2.8462,-6.5641,0.25413,-1.9365e-11
36,50,-7.1357,2.8462,-6.5411,1.3214,-1.518e-11
36,51,-7.1357,2.8462,-6.2728,0.78381,3.2745e-11
36,52,-7.1357,2.8462,-6.3483,2.1461,2.7353e-11
36,53,-7.1357,2.8462,-6.3853,1.3995,-2.8096e-11
36,54,-7.1357,2.8462,-6.4686,1.6651,-2.6891e-11
36,55,-7.1357,2.8462,-6.8323,3.0988,-2.6348e-11
36,56,-7.1357,2.8462,-6.7719,0.1916,-2.7731e-11
36,57,-7.1357,2.8462,-6.1662,1.8883,2.448e-11
36,58,-7.1357,2.8462,-6.1615,0.78448,2.8675e-11
36,59,-7.1357,2.8462,-5.6626,1.5697,2.4317e-11
36,60,-7.1357,2.8462,-6.1383,2.5785,-3.0677e-11
36,61,-7.1357,2.8462,-6.4417,0.10916,-2.209e-11
36,62,-7.1357,2.8462,-6.4612,2.9936,-1.8221e-11
36,63,-7.1357,2.8462,-6.8065,2.9372,-2.5815e-11
36,64,-7.1357,2.8462,-6.7499,0.36746,-2.5778e-11
37,38,-5.9264,0.29628,-6.8305,1.4213,-4.2836e-10
37,39,-5.9264,0.29628,-7.6573,1.0787,-1.4734e-10
37,40,-5.9264,0.29628,-7.1797,2.0081,-1.4218e-10
37,41,-5.9264,0.29628,-6.7558,0.071307,7.129e-11
37,42,-5.9264,0.29628,-7.0942,2.5105,3.8429e-12
37,43,-5.9264,0.29628,-6.008,1.3141,2.7159e-09
37,44,-5.9264,0.29628,-5.9648,1.7855,2.406e-09
37,45,-5.9264,0.29628,-6.5568,0.70734,-1.6942e-10
37,46,-5.9264,0.29628,-6.4919,3.1112,4.2041e-10
37,47,-5.9264,0.29628,-6.0823,2.6445,-1.1571e-11
37,48,-5.9264,0.29628,-6.0779,0.47574,-1.5982e-12
37,49,-5.9264,0.29628,-6.5641,0.25413,7.7117e-10
37,50,-5.9264,0.29628,-6.5411,1.3214,7.0698e-10
37,51,-5.9264,0.29628,-6.2728,0.78381,-3.0325e-10
37,52,-5.9264,0.29628,-6.3483,2.1461,-2.8528e-10
37,53,-5.9264,0.29628,-6.3853,1.3995,-7.9751e-10
37,54,-5.9264,0.29628,-6.4686,1.6651,-7.9172e-10
37,55,-5.9264,0.29628,-6.8323,3.0988,-3.6103e-11
37,56,-5.9264,0.29628,-6.7719,0.1916,-7.1404e-11
37,57,-5.9264,0.29628,-6.1662,1.8883,-6.3295e-10
37,58,-5.9264,0.29628,-6.1615,0.78448,-6.8773e-10
37,59,-5.9264,0.29628,-5.6626,1.5697,1.7209e-10
37,60,-5.9264,0.29628,-6.1383,2.5785,-3.7145e-10
37,61,-5.9264,0.29628,-6.4417,0.10916,4.5739e-10
37,62,-5.9264,0.29628,-6.4612,2.9936,4.4285e-10
37,63,-5.9264,0.29628,-6.8065,2.9372,-6.6353e-11
37,64,-5.9264,0.29628,-6.7499,0.36746,2.1339e-11
38,39,-6.8305,1.4213,-7.6573,1.0787,-1.1374e-10
38,40,-6.8305,1.4213,-7.1797,2.0081,-1.0794e-10
38,41,-6.8305,1.4213,-6.7558,0.071307,3.6418e-11
38,42,-6.8305,1.4213,-7.0942,2.5105,-3.9477e-11
38,43,-6.8305,1.4213,-6.008,1.3141,2.7065e-09
38,44,-6.8305,1.4213,-5.9648,1.7855,2.3827e-09
38,45,-6.8305,1.4213,-6.5568,0.70734,-1.1852e-10
38,46,-6.8305,1.4213,-6.4919,3.1112,4.7668e-10
38,47,-6.8305,1.4213,-6.0823,2.6445,-5.8143e-11
38,48,-6.8305,1.4213,-6.0779,0.47574,-4.4727e-11
38,49,-6.8305,1.4213,-6.5641,0.25413,8.5678e-10
38,50,-6.8305,1.4213,-6.5411,1.3214,7.7772e-10
38,51,-6.8305,1.4213,-6.2728,0.78381,-2.8711e-10
38,52,-6.8305,1.4213,-6.3483,2.1461,-2.6351e-10
38,53,-6.8305,1.4213,-6.3853,1.3995,-7.2872e-10
38,54,-6.8305,1.4213,-6.4686,1.6651,-7.2661e-10
38,55,-6.8305,1.4213,-6.8323,3.0988,-1.6001e-12
38,56,-6.8305,1.4213,-6.7719,0.1916,-3.7873e-11
38,57,-6.8305,1.4213,-6.1662,1.8883,-6.2508e-10
38,58,-6.8305,1.4213,-6.1615,0.78448,-6.8441e-10
38,59,-6.8305,1.4213,-5.6626,1.5697,8.9742e-11
38,60,-6.8305,1.4213,-6.1383,2.5785,-4.3614e-10
38,61,-6.8305,1.4213,-6.4417,0.10916,5.2989e-10
38,62,-6.8305,1.4213,-6.4612,2.9936,5.0397e-10
38,63,-6.8305,1.4213,-6.8065,2.9372,-2.6339e-11
38,64,-6.8305,1.4213,-6.7499,0.36746,7.1355e-11
39,40,-7.6573,1.0787,-7.1797,2.0081,2.7207e-11
39,41,-7.6573,1.0787,-6.7558,0.071307,-3.1085e-11
39,42,-7.6573,1.0787,-7.0942,2.5105,-1.7243e-11
39,43,-7.6573,1.0787,-6.008,1.3141,1.9056e-10
39,44,-7.6573,1.0787,-5.9648,1.7855,1.9294e-10
39,45,-7.6573,1.0787,-6.5568,0.70734,3.8737e-12
39,46,-7.6573,1.0787,-6.4919,3.1112,6.6143e-12
39,47,-7.6573,1.0787,-6.0823,2.6445,1.3838e-10
39,48,-7.6573,1.0787,-6.0779,0.47574,1.6169e-10
39,49,-7.6573,1.0787,-6.5641,0.25413,-8.0587e-12
39,50,-7.6573,1.0787,-6.5411,1.3214,-9.9363e-12
39,51,-7.6573,1.0787,-6.2728,0.78381,-1.263e-10
39,52,-7.6573,1.0787,-6.3483,2.1461,-1.1638e-10
39,53,-7.6573,1.0787,-6.3853,1.3995,-4.8074e-11
39,54,-7.6573,1.0787,-6.4686,1.6651,-4.746e-11
39,55,-7.6573,1.0787,-6.8323,3.0988,2.8213e-11
39,56,-7.6573,1.0787,-6.7719,0.1916,3.1138e-11
39,57,-7.6573,1.0787,-6.1662,1.8883,-1.0893e-10
39,58,-7.6573,1.0787,-6.1615,0.78448,-1.1846e-10
39,59,-7.6573,1.0787,-5.6626,1.5697,4.0743e-11
39,60,-7.6573,1.0787,-6.1383,2.5785,1.4272e-10
39,61,-7.6573,1.0787,-6.4417,0.10916,-1.3838e-12
39,62,-7.6573,1.0787,-6.4612,2.9936,-1.8429e-12
39,63,-7.6573,1.0787,-6.8065,2.9372,1.8293e-11
39,64,-7.6573,1.0787,-6.7499,0.36746,1.3896e-11
40,41,-7.1797,2.0081,-6.7558,0.071307,-3.0911e-11
40,42,-7.1797,2.0081,-7.0942,2.5105,-1.7283e-11
40,43,-7.1797,2.0081,-6.008,1.3141,1.8031e-10
40,44,-7.1797,2.0081,-5.9648,1.7855,1.8531e-10
40,45,-7.1797,2.0081,-6.5568,0.70734,4.5246e-12
40,46,-7.1797,2.0081,-6.4919,3.1112,5.2515e-12
40,47,-7.1797,2.0081,-6.0823,2.6445,1.3654e-10
40,48,-7.1797,2.0081,-6.0779,0.47574,1.6052e-10
40,49,-7.1797,2.0081,-6.5641,0.25413,-9.7456e-12
40,50,-7.1797,2.0081,-6.5411,1.3214,-1.1019e-11
40,51,-7.1797,2.0081,-6.2728,0.78381,-1.2387e-10
40,52,-7.1797,2.0081,-6.3483,2.1461,-1.1391e-10
40,53,-7.1797,2.0081,-6.3853,1.3995,-4.5056e-11
40,54,-7.1797,2.0081,-6.4686,1.6651,-4.4424e-11
40,55,-7.1797,2.0081,-6.8323,3.0988,2.8199e-11
40,56,-7.1797,2.0081,-6.7719,0.1916,3.1437e-11
40,57,-7.1797,2.0081,-6.1662,1.8883,-1.0622e-10
40,58,-7.1797,2.0081,-6.1615,0.78448,-1.1562e-10
40,59,-7.1797,2.0081,-5.6626,1.5697,3.9473e-11
40,60,-7.1797,2.0081,-6.1383,2.5785,1.4137e-10
40,61,-7.1797,2.0081,-6.4417,0.10916,-2.3766e-12
40,62,-7.1797,2.0081,-6.4612,2.9936,-3.0755e-12
40,63,-7.1797,2.0081,-6.8065,2.9372,1.8334e-11
40,64,-7.1797,2.0081,-6.7499,0.36746,1.3021e-11
41,42,-6.7558,0.071307,-7.0942,2.5105,2.1785e-11
41,43,-6.7558,0.071307,-6.008,1.3141,-4.979e-11
41,44,-6.7558,0.071307,-5.9648,1.7855,-5.6725e-11
41,45,-6.7558,0.071307,-6.5568,0.70734,-1.923e-11
41,46,-6.7558,0.071307,-6.4919,3.1112,-8.3691e-12
41,47,-6.7558,0.071307,-6.0823,2.6445,-7.3612e-11
41,48,-6.7558,0.071307,-6.0779,0.47574,-8.9074e-11
41,49,-6.7558,0.071307,-6.5641,0.25413,2.0692e-12
41,50,-6.7558,0.071307,-6.5411,1.3214,4.1185e-12
41,51,-6.7558,0.071307,-6.2728,0.78381,6.6186e-11
41,52,-6.7558,0.071307,-6.3483,2.1461,5.9213e-11
41,53,-6.7558,0.071307,-6.3853,1.3995,-6.8306e-12
41,54,-6.7558,0.071307,-6.4686,1.6651,-6.3378e-12
41,55,-6.7558,0.071307,-6.8323,3.0988,-2.7074e-11
41,56,-6.7558,0.071307,-6.7719,0.1916,-2.9628e-11
41,57,-6.7558,0.071307,-6.1662,1.8883,5.0308e-11
41,58,-6.7558,0.071307,-6.1615,0.78448,5.5942e-11
41,59,-6.7558,0.071307,-5.6626,1.5697,-3.9568e-13
41,60,-6.7558,0.071307,-6.1383,2.5785,-8.0112e-11
41,61,-6.7558,0.071307,-6.4417,0.10916,-6.2094e-12
41,62,-6.7558,0.071307,-6.4612,2.9936,-3.9918e-12
41,63,-6.7558,0.071307,-6.8065,2.9372,-2.3121e-11
41,64,-6.7558,0.071307,-6.7499,0.36746,-1.9777e-11
42,43,-7.0942,2.5105,-6.008,1.3141,-1.7107e-10
42,44,-7.0942,2.5105,-5.9648,1.7855,-1.5376e-10
42,45,-7.0942,2.5105,-6.5568,0.70734,-1.8066e-11
42,46,-7.0942,2.5105,-6.4919,3.1112,-4.7307e-11
42,47,-7.0942,2.5105,-6.0823,2.6445,-2.0686e-11
42,48,-7.0942,2.5105,-6.0779,0.47574,-2.9991e-11
42,49,-7.0942,2.5105,-6.5641,0.25413,-7.0611e-11
42,50,-7.0942,2.5105,-6.5411,1.3214,-6.2162e-11
42,51,-7.0942,2.5105,-6.2728,0.78381,4.4515e-11
42,52,-7.0942,2.5105,-6.3483,2.1461,3.8398e-11
42,53,-7.0942,2.5105,-6.3853,1.3995,1.6447e-11
42,54,-7.0942,2.5105,-6.4686,1.6651,1.7452e-11
42,55,-7.0942,2.5105,-6.8323,3.0988,-2.3847e-11
42,56,-7.0942,2.5105,-6.7719,0.1916,-2.2908e-11
42,57,-7.0942,2.5105,-6.1662,1.8883,5.7896e-11
42,58,-7.0942,2.5105,-6.1615,0.78448,6.5003e-11
42,59,-7.0942,2.5105,-5.6626,1.5697,1.8681e-11
42,60,-7.0942,2.5105,-6.1383,2.5785,1.9468e-12
42,61,-7.0942,2.5105,-6.4417,0.10916,-5.3066e-11
42,62,-7.0942,2.5105,-6.4612,2.9936,-4.8171e-11
42,63,-7.0942,2.5105,-6.8065,2.9372,-2.2376e-11
42,64,-7.0942,2.5105,-6.7499,0.36746,-2.8177e-11
43,44,-6.008,1.3141,-5.9648,1.7855,-4.9259e-09
43,45,-6.008,1.3141,-6.5568,0.70734,5.1204e-10
43,46,-6.008,1.3141,-6.4919,3.1112,-2.3203e-10
43,47,-6.008,1.3141,-6.0823,2.6445,-1.4603e-09
43,48,-6.008,1.3141,-6.0779,0.47574,-1.653e-09
43,49,-6.008,1.3141,-6.5641,0.25413,-3.9693e-10
43,50,-6.008,1.3141,-6.5411,1.3214,-3.6948e-10
43,51,-6.008,1.3141,-6.2728,0.78381,1.5739e-09
43,52,-6.008,1.3141,-6.3483,2.1461,1.4979e-09
43,53,-6.008,1.3141,-6.3853,1.3995,1.8891e-09
43,54,-6.008,1.3141,-6.4686,1.6651,1.8564e-09
43,55,-6.008,1.3141,-6.8323,3.0988,3.0347e-11
43,56,-6.008,1.3141,-6.7719,0.1916,4.3352e-11
43,57,-6.008,1.3141,-6.1662,1.8883,1.8005e-09
43,58,-6.008,1.3141,-6.1615,0.78448,1.9242e-09
43,59,-6.008,1.3141,-5.6626,1.5697,-1.0916e-09
43,60,-6.008,1.3141,-6.1383,2.5785,-1.1399e-09
43,61,-6.008,1.3141,-6.4417,0.10916,-1.2777e-10
43,62,-6.008,1.3141,-6.4612,2.9936,-1.5751e-10
43,63,-6.008,1.3141,-6.8065,2.9372,1.9368e-10
43,64,-6.008,1.3141,-6.7499,0.36746,1.7147e-10
44,45,-5.9648,1.7855,-6.5568,0.70734,5.4876e-10
44,46,-5.9648,1.7855,-6.4919,3.1112,-1.7289e-10
44,47,-5.9648,1.7855,-6.0823,2.6445,-1.684e-09
44,48,-5.9648,1.7855,-6.0779,0.47574,-1.9173e-09
44,49,-5.9648,1.7855,-6.5641,0.25413,-2.8343e-10
44,50,-5.9648,1.7855,-6.5411,1.3214,-2.6958e-10
44,51,-5.9648,1.7855,-6.2728,0.78381,1.7495e-09
44,52,-5.9648,1.7855,-6.3483,2.1461,1.6612e-09
44,53,-5.9648,1.7855,-6.3853,1.3995,1.992e-09
44,54,-5.9648,1.7855,-6.4686,1.6651,1.9565e-09
44,55,-5.9648,1.7855,-6.8323,3.0988,2.4108e-11
44,56,-5.9648,1.7855,-6.7719,0.1916,2.9067e-11
44,57,-5.9648,1.7855,-6.1662,1.8883,1.9326e-09
44,58,-5.9648,1.7855,-6.1615,0.78448,2.0677e-09
44,59,-5.9648,1.7855,-5.6626,1.5697,-1.2164e-09
44,60,-5.9648,1.7855,-6.1383,2.5785,-1.3956e-09
44,61,-5.9648,1.7855,-6.4417,0.10916,-4.4705e-11
44,62,-5.9648,1.7855,-6.4612,2.9936,-8.2359e-11
44,63,-5.9648,1.7855,-6.8065,2.9372,2.0468e-10
44,64,-5.9648,1.7855,-6.7499,0.36746,2.0474e-10
45,46,-6.5568,0.70734,-6.4919,3.1112,7.9554e-11
45,47,-6.5568,0.70734,-6.0823,2.6445,9.4773e-11
45,48,-6.5568,0.70734,-6.0779,0.47574,1.1361e-10
45,49,-6.5568,0.70734,-6.5641,0.25413,1.2784e-10
45,50,-6.5568,0.70734,-6.5411,1.3214,1.1448e-10
45,51,-6.5568,0.70734,-6.2728,0.78381,-1.3919e-10
45,52,-6.5568,0.70734,-6.3483,2.1461,-1.2846e-10
45,53,-6.5568,0.70734,-6.3853,1.3995,-1.5008e-10
45,54,-6.5568,0.70734,-6.4686,1.6651,-1.4917e-10
45,55,-6.5568,0.70734,-6.8323,3.0988,2.0874e-11
45,56,-6.5568,0.70734,-6.7719,0.1916,1.7376e-11
45,57,-6.5568,0.70734,-6.1662,1.8883,-1.7957e-10
45,58,-6.5568,0.70734,-6.1615,0.78448,-1.9554e-10
45,59,-6.5568,0.70734,-5.6626,1.5697,4.4659e-11
45,60,-6.5568,0.70734,-6.1383,2.5785,3.8854e-11
45,61,-6.5568,0.70734,-6.4417,0.10916,8.1706e-11
45,62,-6.5568,0.70734,-6.4612,2.9936,7.7557e-11
45,63,-6.5568,0.70734,-6.8065,2.9372,9.5713e-12
45,64,-6.5568,0.70734,-6.7499,0.36746,2.137e-11
46,47,-6.4919,3.1112,-6.0823,2.6445,-3.3314e-10
46,48,-6.4919,3.1112,-6.0779,0.47574,-3.6964e-10
46,49,-6.4919,3.1112,-6.5641,0.25413,2.3369e-10
46,50,-6.4919,3.1112,-6.5411,1.3214,2.1012e-10
46,51,-6.4919,3.1112,-6.2728,0.78381,2.3215e-10
46,52,-6.4919,3.1112,-6.3483,2.1461,2.2466e-10
46,53,-6.4919,3.1112,-6.3853,1.3995,1.5878e-10
46,54,-6.4919,3.1112,-6.4686,1.6651,1.5221e-10
46,55,-6.4919,3.1112,-6.8323,3.0988,1.4975e-11
46,56,-6.4919,3.1112,-6.7719,0.1916,5.048e-12
46,57,-6.4919,3.1112,-6.1662,1.8883,1.59e-10
46,58,-6.4919,3.1112,-6.1615,0.78448,1.6463e-10
46,59,-6.4919,3.1112,-5.6626,1.5697,-2.1636e-10
46,60,-6.4919,3.1112,-6.1383,2.5785,-4.0147e-10
46,61,-6.4919,3.1112,-6.4417,0.10916,1.7386e-10
46,62,-6.4919,3.1112,-6.4612,2.9936,1.5677e-10
46,63,-6.4919,3.1112,-6.8065,2.9372,4.1754e-11
46,64,-6.4919,3.1112,-6.7499,0.36746,7.2187e-11
47,48,-6.0823,2.6445,-6.0779,0.47574,3.5868e-10
47,49,-6.0823,2.6445,-6.5641,0.25413,-7.2232e-10
47,50,-6.0823,2.6445,-6.5411,1.3214,-6.6311e-10
47,51,-6.0823,2.6445,-6.2728,0.78381,-9.2616e-12
47,52,-6.0823,2.6445,-6.3483,2.1461,-5.7394e-12
47,53,-6.0823,2.6445,-6.3853,1.3995,5.3915e-10
47,54,-6.0823,2.6445,-6.4686,1.6651,5.3729e-10
47,55,-6.0823,2.6445,-6.8323,3.0988,6.7311e-11
47,56,-6.0823,2.6445,-6.7719,0.1916,1.044e-10
47,57,-6.0823,2.6445,-6.1662,1.8883,3.1248e-10
47,58,-6.0823,2.6445,-6.1615,0.78448,3.4028e-10
47,59,-6.0823,2.6445,-5.6626,1.5697,-1.4588e-11
47,60,-6.0823,2.6445,-6.1383,2.5785,6.4189e-10
47,61,-6.0823,2.6445,-6.4417,0.10916,-4.3444e-10
47,62,-6.0823,2.6445,-6.4612,2.9936,-4.1734e-10
47,63,-6.0823,2.6445,-6.8065,2.9372,6.9447e-11
47,64,-6.0823,2.6445,-6.7499,0.36746,-2.0868e-11
48,49,-6.0779,0.47574,-6.5641,0.25413,-6.4532e-10
48,50,-6.0779,0.47574,-6.5411,1.3214,-5.9333e-10
48,51,-6.0779,0.47574,-6.2728,0.78381,-5.9954e-12
48,52,-6.0779,0.47574,-6.3483,2.1461,-3.4871e-12
48,53,-6.0779,0.47574,-6.3853,1.3995,4.6909e-10
48,54,-6.0779,0.47574,-6.4686,1.6651,4.6784e-10
48,55,-6.0779,0.47574,-6.8323,3.0988,5.4573e-11
48,56,-6.0779,0.47574,-6.7719,0.1916,8.6097e-11
48,57,-6.0779,0.47574,-6.1662,1.8883,2.7986e-10
48,58,-6.0779,0.47574,-6.1615,0.78448,3.0386e-10
48,59,-6.0779,0.47574,-5.6626,1.5697,-4.906e-12
48,60,-6.0779,0.47574,-6.1383,2.5785,5.6828e-10
48,61,-6.0779,0.47574,-6.4417,0.10916,-3.9042e-10
48,62,-6.0779,0.47574,-6.4612,2.9936,-3.7411e-10
48,63,-6.0779,0.47574,-6.8065,2.9372,5.5713e-11
48,64,-6.0779,0.47574,-6.7499,0.36746,-2.1635e-11
49,50,-6.5641,0.25413,-6.5411,1.3214,3.44e-10
49,51,-6.5641,0.25413,-6.2728,0.78381,4.2212e-10
49,52,-6.5641,0.25413,-6.3483,2.1461,4.0471e-10
49,53,-6.5641,0.25413,-6.3853,1.3995,2.4268e-10
49,54,-6.5641,0.25413,-6.4686,1.6651,2.3282e-10
49,55,-6.5641,0.25413,-6.8323,3.0988,1.7805e-12
49,56,-6.5641,0.25413,-6.7719,0.1916,-1.5921e-11
49,57,-6.5641,0.25413,-6.1662,1.8883,2.8992e-10
49,58,-6.5641,0.25413,-6.1615,0.78448,3.0315e-10
49,59,-6.5641,0.25413,-5.6626,1.5697,-3.4425e-10
49,60,-6.5641,0.25413,-6.1383,2.5785,-7.0825e-10
49,61,-6.5641,0.25413,-6.4417,0.10916,2.7493e-10
49,62,-6.5641,0.25413,-6.4612,2.9936,2.4976e-10
49,63,-6.5641,0.25413,-6.8065,2.9372,4.7738e-11
49,64,-6.5641,0.25413,-6.7499,0.36746,9.8003e-11
50,51,-6.5411,1.3214,-6.2728,0.78381,4.5496e-10
50,52,-6.5411,1.3214,-6.3483,2.1461,4.3645e-10
50,53,-6.5411,1.3214,-6.3853,1.3995,2.6335e-10
50,54,-6.5411,1.3214,-6.4686,1.6651,2.5229e-10
50,55,-6.5411,1.3214,-6.8323,3.0988,4.5498e-12
50,56,-6.5411,1.3214,-6.7719,0.1916,-1.5262e-11
50,57,-6.5411,1.3214,-6.1662,1.8883,3.1044e-10
50,58,-6.5411,1.3214,-6.1615,0.78448,3.2422e-10
50,59,-6.5411,1.3214,-5.6626,1.5697,-3.7712e-10
50,60,-6.5411,1.3214,-6.1383,2.5785,-7.7003e-10
50,61,-6.5411,1.3214,-6.4417,0.10916,3.0483e-10
50,62,-6.5411,1.3214,-6.4612,2.9936,2.7654e-10
50,63,-6.5411,1.3214,-6.8065,2.9372,5.419e-11
50,64,-6.5411,1.3214,-6.7499,0.36746,1.111e-10
51,52,-6.2728,0.78381,-6.3483,2.1461,-1.7194e-10
51,53,-6.2728,0.78381,-6.3853,1.3995,-5.2505e-10
51,54,-6.2728,0.78381,-6.4686,1.6651,-5.1994e-10
51,55,-6.2728,0.78381,-6.8323,3.0988,-4.4096e-11
51,56,-6.2728,0.78381,-6.7719,0.1916,-6.5262e-11
51,57,-6.2728,0.78381,-6.1662,1.8883,-3.8416e-10
51,58,-6.2728,0.78381,-6.1615,0.78448,-4.1321e-10
51,59,-6.2728,0.78381,-5.6626,1.5697,1.4168e-10
51,60,-6.2728,0.78381,-6.1383,2.5785,-2.2024e-10
51,61,-6.2728,0.78381,-6.4417,0.10916,2.5005e-10
51,62,-6.2728,0.78381,-6.4612,2.9936,2.4439e-10
51,63,-6.2728,0.78381,-6.8065,2.9372,-6.4595e-11
51,64,-6.2728,0.78381,-6.7499,0.36746,-1.4782e-11
52,53,-6.3483,2.1461,-6.3853,1.3995,-5.547e-10
52,54,-6.3483,2.1461,-6.4686,1.6651,-5.4928e-10
52,55,-6.3483,2.1461,-6.8323,3.0988,-5.0333e-11
52,56,-6.3483,2.1461,-6.7719,0.1916,-7.3155e-11
52,57,-6.3483,2.1461,-6.1662,1.8883,-3.9801e-10
52,58,-6.3483,2.1461,-6.1615,0.78448,-4.2859e-10
52,59,-6.3483,2.1461,-5.6626,1.5697,1.5193e-10
52,60,-6.3483,2.1461,-6.1383,2.5785,-2.3733e-10
52,61,-6.3483,2.1461,-6.4417,0.10916,2.5941e-10
52,62,-6.3483,2.1461,-6.4612,2.9936,2.5425e-10
52,63,-6.3483,2.1461,-6.8065,2.9372,-7.1803e-11
52,64,-6.3483,2.1461,-6.7499,0.36746,-1.8654e-11
53,54,-6.3853,1.3995,-6.4686,1.6651,-6.5054e-10
53,55,-6.3853,1.3995,-6.8323,3.0988,1.7505e-11
53,56,-6.3853,1.3995,-6.7719,0.1916,1.0275e-11
53,57,-6.3853,1.3995,-6.1662,1.8883,-6.7197e-10
53,58,-6.3853,1.3995,-6.1615,0.78448,-7.2328e-10
53,59,-6.3853,1.3995,-5.6626,1.5697,3.2558e-10
53,60,-6.3853,1.3995,-6.1383,2.5785,3.212e-10
53,61,-6.3853,1.3995,-6.4417,0.10916,1.3758e-10
53,62,-6.3853,1.3995,-6.4612,2.9936,1.3941e-10
53,63,-6.3853,1.3995,-6.8065,2.9372,-3.6904e-11
53,64,-6.3853,1.3995,-6.7499,0.36746,-1.794e-11
54,55,-6.4686,1.6651,-6.8323,3.0988,1.89e-11
54,56,-6.4686,1.6651,-6.7719,0.1916,1.1856e-11
54,57,-6.4686,1.6651,-6.1662,1.8883,-6.6794e-10
54,58,-6.4686,1.6651,-6.1615,0.78448,-7.1888e-10
54,59,-6.4686,1.6651,-5.6626,1.5697,3.2194e-10
54,60,-6.4686,1.6651,-6.1383,2.5785,3.2132e-10
54,61,-6.4686,1.6651,-6.4417,0.10916,1.372e-10
54,62,-6.4686,1.6651,-6.4612,2.9936,1.3876e-10
54,63,-6.4686,1.6651,-6.8065,2.9372,-3.5105e-11
54,64,-6.4686,1.6651,-6.7499,0.36746,-1.6419e-11
55,56,-6.8323,3.0988,-6.7719,0.1916,3.2374e-11
55,57,-6.8323,3.0988,-6.1662,1.8883,-5.4229e-11
55,58,-6.8323,3.0988,-6.1615,0.78448,-6.0288e-11
55,59,-6.8323,3.0988,-5.6626,1.5697,5.6125e-12
55,60,-6.8323,3.0988,-6.1383,2.5785,9.9961e-11
55,61,-6.8323,3.0988,-6.4417,0.10916,-1.8399e-12
55,62,-6.8323,3.0988,-6.4612,2.9936,-3.6978e-12
55,63,-6.8323,3.0988,-6.8065,2.9372,2.4058e-11
55,64,-6.8323,3.0988,-6.7499,0.36746,1.8263e-11
56,57,-6.7719,0.1916,-6.1662,1.8883,-4.1639e-11
56,58,-6.7719,0.1916,-6.1615,0.78448,-4.676e-11
56,59,-6.7719,0.1916,-5.6626,1.5697,-7.7042e-12
56,60,-6.7719,0.1916,-6.1383,2.5785,6.3556e-11
56,61,-6.7719,0.1916,-6.4417,0.10916,1.1424e-11
56,62,-6.7719,0.1916,-6.4612,2.9936,8.6296e-12
56,63,-6.7719,0.1916,-6.8065,2.9372,2.3853e-11
56,64,-6.7719,0.1916,-6.7499,0.36746,2.1694e-11
57,58,-6.1662,1.8883,-6.1615,0.78448,-6.4097e-10
57,59,-6.1662,1.8883,-5.6626,1.5697,3.2565e-10
57,60,-6.1662,1.8883,-6.1383,2.5785,1.0868e-10
57,61,-6.1662,1.8883,-6.4417,0.10916,1.6208e-10
57,62,-6.1662,1.8883,-6.4612,2.9936,1.6703e-10
57,63,-6.1662,1.8883,-6.8065,2.9372,-8.817e-11
57,64,-6.1662,1.8883,-6.7499,0.36746,-5.4411e-11
58,59,-6.1615,0.78448,-5.6626,1.5697,2.9961e-10
58,60,-6.1615,0.78448,-6.1383,2.5785,9.7577e-11
58,61,-6.1615,0.78448,-6.4417,0.10916,1.5677e-10
58,62,-6.1615,0.78448,-6.4612,2.9936,1.6064e-10
58,63,-6.1615,0.78448,-6.8065,2.9372,-7.9997e-11
58,64,-6.1615,0.78448,-6.7499,0.36746,-4.821e-11
59,60,-5.6626,1.5697,-6.1383,2.5785,1.4694e-10
59,61,-5.6626,1.5697,-6.4417,0.10916,-2.2529e-10
59,62,-5.6626,1.5697,-6.4612,2.9936,-2.1453e-10
59,63,-5.6626,1.5697,-6.8065,2.9372,4.9155e-12
59,64,-5.6626,1.5697,-6.7499,0.36746,-3.3069e-11
60,61,-6.1383,2.5785,-6.4417,0.10916,-5.178e-10
60,62,-6.1383,2.5785,-6.4612,2.9936,-4.9164e-10
60,63,-6.1383,2.5785,-6.8065,2.9372,5.2438e-11
60,64,-6.1383,2.5785,-6.7499,0.36746,-5.3607e-11
61,62,-6.4417,0.10916,-6.4612,2.9936,1.8468e-10
61,63,-6.4417,0.10916,-6.8065,2.9372,3.5854e-11
61,64,-6.4417,0.10916,-6.7499,0.36746,7.2506e-11
62,63,-6.4612,2.9936,-6.8065,2.9372,4.1878e-11
62,64,-6.4612,2.9936,-6.7499,0.36746,8.1023e-11
63,64,-6.8065,2.9372,-6.7499,0.36746,3.5751e-11
