1,2,-3.8635,1.7332,-3.9475,1.4209,-2.2807e-07
1,3,-3.8635,1.7332,-2.3934,1.432,-2.0224e-07
1,4,-3.8635,1.7332,-4.049,1.4289,-1.9682e-07
1,5,-3.8635,1.7332,-3.8464,1.729,-1.4888e-07
1,6,-3.8635,1.7332,-3.8356,1.4182,-1.9812e-07
1,7,-3.8635,1.7332,-2.9112,1.3925,-1.5116e-07
1,8,-3.8635,1.7332,-1.9535,1.7524,-1.7998e-07
1,9,-3.8635,1.7332,-3.6679,1.739,-7.042e-08
1,10,-3.8635,1.7332,-0.41621,1.7981,-1.3582e-07
1,11,-3.8635,1.7332,-4.7824,1.9148,-2.595e-08
1,12,-3.8635,1.7332,-4.1833,1.2502,-1.2992e-07
1,13,-3.8635,1.7332,-2.6729,1.9823,-3.144e-08
1,14,-3.8635,1.7332,-3.2582,1.1856,-1.028e-07
1,15,-3.8635,1.7332,-4.2017,1.7902,-6.014e-08
1,16,-3.8635,1.7332,-1.341,1.8223,-1.2701e-07
1,17,-3.8635,1.7332,-4.3954,1.795,-5.354e-08
1,18,-3.8635,1.7332,-1.8322,1.8141,-1.2087e-07
1,19,-3.8635,1.7332,-4.2568,1.7993,-5.593e-08
1,20,-3.8635,1.7332,-0.84612,1.7946,-1.2337e-07
1,21,-3.8635,1.7332,-2.3282,1.9896,-2.208e-08
1,22,-3.8635,1.7332,-2.3222,1.6677,-1.0568e-07
1,23,-3.8635,1.7332,-3.4608,1.9747,-3.579e-08
1,24,-3.8635,1.7332,-3.9445,1.1964,-9.51e-08
1,25,-3.8635,1.7332,-1.971,1.1597,-6.331e-08
1,26,-3.8635,1.7332,-1.6217,1.9558,-6.519e-08
1,27,-3.8635,1.7332,-4.0263,1.9147,-4.79e-09
1,28,-3.8635,1.7332,-0.46781,1.918,-9.001e-08
1,29,-3.8635,1.7332,-1.7753,1.1736,-3.246e-08
1,30,-3.8635,1.7332,-4.0864,1.2204,-1.0368e-07
1,31,-3.8635,1.7332,-3.7308,1.9383,-3.84e-09
1,32,-3.8635,1.7332,-2.8472,1.979,-8.275e-08
1,33,-3.8635,1.7332,-2.5373,2.2849,1.0828e-07
1,34,-3.8635,1.7332,-0.85235,2.291,9.847e-08
1,35,-3.8635,1.7332,-7.2003,0.46719,3.1215e-07
1,36,-3.8635,1.7332,-7.1357,2.8462,3.131e-07
1,37,-3.8635,1.7332,-5.9264,0.29628,3.8504e-07
1,38,-3.8635,1.7332,-6.8305,1.4213,3.8666e-07
1,39,-3.8635,1.7332,-7.6573,1.0787,3.1576e-07
1,40,-3.8635,1.7332,-7.1797,2.0081,3.1538e-07
1,41,-3.8635,1.7332,-6.7558,0.071307,3.2625e-07
1,42,-3.8635,1.7332,-7.0942,2.5105,3.2344e-07
1,43,-3.8635,1.7332,-6.008,1.3141,1.6677e-07
1,44,-3.8635,1.7332,-5.9648,1.7855,1.7846e-07
1,45,-3.8635,1.7332,-6.5568,0.70734,3.3074e-07
1,46,-3.8635,1.7332,-6.4919,3.1112,3.1046e-07
1,47,-3.8635,1.7332,-6.0823,2.6445,2.7585e-07
1,48,-3.8635,1.7332,-6.0779,0.47574,2.6525e-07
1,49,-3.8635,1.7332,-6.5641,0.25413,3.032e-07
1,50,-3.8635,1.7332,-6.5411,1.3214,3.042e-07
1,51,-3.8635,1.7332,-6.2728,0.78381,3.6061e-07
1,52,-3.8635,1.7332,-6.3483,2.1461,3.5652e-07
1,53,-3.8635,1.7332,-6.3853,1.3995,3.6395e-07
1,54,-3.8635,1.7332,-6.4686,1.6651,3.6292e-07
1,55,-3.8635,1.7332,-6.8323,3.0988,3.135e-07
1,56,-3.8635,1.7332,-6.7719,0.1916,3.1373e-07
1,57,-3.8635,1.7332,-6.1662,1.8883,3.6282e-07
1,58,-3.8635,1.7332,-6.1615,0.78448,3.6907e-07
1,59,-3.8635,1.7332,-5.6626,1.5697,2.8174e-07
1,60,-3.8635,1.7332,-6.1383,2.5785,2.791e-07
1,61,-3.8635,1.7332,-6.4417,0.10916,3.1107e-07
1,62,-3.8635,1.7332,-6.4612,2.9936,3.1032e-07
1,63,-3.8635,1.7332,-6.8065,2.9372,3.1826e-07
1,64,-3.8635,1.7332,-6.7499,0.36746,3.1794e-07
2,3,-3.9475,1.4209,-2.3934,1.432,-1.327e-07
2,4,-3.9475,1.4209,-4.049,1.4289,-1.4827e-07
2,5,-3.9475,1.4209,-3.8464,1.729,-1.3824e-07
2,6,-3.9475,1.4209,-3.8356,1.4182,-1.4367e-07
2,7,-3.9475,1.4209,-2.9112,1.3925,-8.109e-08
2,8,-3.9475,1.4209,-1.9535,1.7524,-1.486e-07
2,9,-3.9475,1.4209,-3.6679,1.739,-7.61e-08
2,10,-3.9475,1.4209,-0.41621,1.7981,-1.0702e-07
2,11,-3.9475,1.4209,-4.7824,1.9148,-4.473e-08
2,12,-3.9475,1.4209,-4.1833,1.2502,-5.837e-08
2,13,-3.9475,1.4209,-2.6729,1.9823,-4.911e-08
2,14,-3.9475,1.4209,-3.2582,1.1856,-1.476e-08
2,15,-3.9475,1.4209,-4.2017,1.7902,-6.684e-08
2,16,-3.9475,1.4209,-1.341,1.8223,-9.902e-08
2,17,-3.9475,1.4209,-4.3954,1.795,-6.056e-08
2,18,-3.9475,1.4209,-1.8322,1.8141,-9.312e-08
2,19,-3.9475,1.4209,-4.2568,1.7993,-6.313e-08
2,20,-3.9475,1.4209,-0.84612,1.7946,-9.592e-08
2,21,-3.9475,1.4209,-2.3282,1.9896,-4.34e-08
2,22,-3.9475,1.4209,-2.3222,1.6677,-5.955e-08
2,23,-3.9475,1.4209,-3.4608,1.9747,-5.287e-08
2,24,-3.9475,1.4209,-3.9445,1.1964,-8.47e-09
2,25,-3.9475,1.4209,-1.971,1.1597,2.557e-08
2,26,-3.9475,1.4209,-1.6217,1.9558,-7.474e-08
2,27,-3.9475,1.4209,-4.0263,1.9147,-2.471e-08
2,28,-3.9475,1.4209,-0.46781,1.918,-8.039e-08
2,29,-3.9475,1.4209,-1.7753,1.1736,5.579e-08
2,30,-3.9475,1.4209,-4.0864,1.2204,-2.819e-08
2,31,-3.9475,1.4209,-3.7308,1.9383,-2.512e-08
2,32,-3.9475,1.4209,-2.8472,1.979,-7.809e-08
2,33,-3.9475,1.4209,-2.5373,2.2849,5.961e-08
2,34,-3.9475,1.4209,-0.85235,2.291,4.852e-08
2,35,-3.9475,1.4209,-7.2003,0.46719,3.1261e-07
2,36,-3.9475,1.4209,-7.1357,2.8462,3.128e-07
2,37,-3.9475,1.4209,-5.9264,0.29628,3.9621e-07
2,38,-3.9475,1.4209,-6.8305,1.4213,3.9634e-07
2,39,-3.9475,1.4209,-7.6573,1.0787,3.1427e-07
2,40,-3.9475,1.4209,-7.1797,2.0081,3.1483e-07
2,41,-3.9475,1.4209,-6.7558,0.071307,3.2697e-07
2,42,-3.9475,1.4209,-7.0942,2.5105,3.2293e-07
2,43,-3.9475,1.4209,-6.008,1.3141,1.7541e-07
2,44,-3.9475,1.4209,-5.9648,1.7855,1.8131e-07
2,45,-3.9475,1.4209,-6.5568,0.70734,3.3105e-07
2,46,-3.9475,1.4209,-6.4919,3.1112,3.1583e-07
2,47,-3.9475,1.4209,-6.0823,2.6445,2.6588e-07
2,48,-3.9475,1.4209,-6.0779,0.47574,2.5308e-07
2,49,-3.9475,1.4209,-6.5641,0.25413,3.1212e-07
2,50,-3.9475,1.4209,-6.5411,1.3214,3.1161e-07
2,51,-3.9475,1.4209,-6.2728,0.78381,3.6618e-07
2,52,-3.9475,1.4209,-6.3483,2.1461,3.6163e-07
2,53,-3.9475,1.4209,-6.3853,1.3995,3.6362e-07
2,54,-3.9475,1.4209,-6.4686,1.6651,3.6239e-07
2,55,-3.9475,1.4209,-6.8323,3.0988,3.1273e-07
2,56,-3.9475,1.4209,-6.7719,0.1916,3.1204e-07
2,57,-3.9475,1.4209,-6.1662,1.8883,3.6559e-07
2,58,-3.9475,1.4209,-6.1615,0.78448,3.7195e-07
2,59,-3.9475,1.4209,-5.6626,1.5697,2.7771e-07
2,60,-3.9475,1.4209,-6.1383,2.5785,2.665e-07
2,61,-3.9475,1.4209,-6.4417,0.10916,3.1696e-07
2,62,-3.9475,1.4209,-6.4612,2.9936,3.1638e-07
2,63,-3.9475,1.4209,-6.8065,2.9372,3.1845e-07
2,64,-3.9475,1.4209,-6.7499,0.36746,3.2042e-07
3,4,-2.3934,1.432,-4.049,1.4289,-1.6365e-07
3,5,-2.3934,1.432,-3.8464,1.729,-1.3181e-07
3,6,-2.3934,1.432,-3.8356,1.4182,-1.6235e-07
3,7,-2.3934,1.432,-2.9112,1.3925,-1.1045e-07
3,8,-2.3934,1.432,-1.9535,1.7524,-1.5581e-07
3,9,-2.3934,1.432,-3.6679,1.739,-6.02e-08
3,10,-2.3934,1.432,-0.41621,1.7981,-1.1349e-07
3,11,-2.3934,1.432,-4.7824,1.9148,-2.191e-08
3,12,-2.3934,1.432,-4.1833,1.2502,-8.63e-08
3,13,-2.3934,1.432,-2.6729,1.9823,-2.765e-08
3,14,-2.3934,1.432,-3.2582,1.1856,-5.307e-08
3,15,-2.3934,1.432,-4.2017,1.7902,-5.035e-08
3,16,-2.3934,1.432,-1.341,1.8223,-1.0503e-07
3,17,-2.3934,1.432,-4.3954,1.795,-4.388e-08
3,18,-2.3934,1.432,-1.8322,1.8141,-9.9e-08
3,19,-2.3934,1.432,-4.2568,1.7993,-4.635e-08
3,20,-2.3934,1.432,-0.84612,1.7946,-1.0161e-07
3,21,-2.3934,1.432,-2.3282,1.9896,-1.935e-08
3,22,-2.3934,1.432,-2.3222,1.6677,-7.646e-08
3,23,-2.3934,1.432,-3.4608,1.9747,-3.158e-08
3,24,-2.3934,1.432,-3.9445,1.1964,-4.6e-08
3,25,-2.3934,1.432,-1.971,1.1597,-1.368e-08
3,26,-2.3934,1.432,-1.6217,1.9558,-5.806e-08
3,27,-2.3934,1.432,-4.0263,1.9147,-1.33e-09
3,28,-2.3934,1.432,-0.46781,1.918,-7.577e-08
3,29,-2.3934,1.432,-1.7753,1.1736,1.653e-08
3,30,-2.3934,1.432,-4.0864,1.2204,-5.85e-08
3,31,-2.3934,1.432,-3.7308,1.9383,-1.07e-09
3,32,-2.3934,1.432,-2.8472,1.979,-7.048e-08
3,33,-2.3934,1.432,-2.5373,2.2849,9.732e-08
3,34,-2.3934,1.432,-0.85235,2.291,8.717e-08
3,35,-2.3934,1.432,-7.2003,0.46719,3.2322e-07
3,36,-2.3934,1.432,-7.1357,2.8462,3.2413e-07
3,37,-2.3934,1.432,-5.9264,0.29628,4.0076e-07
3,38,-2.3934,1.432,-6.8305,1.4213,4.0173e-07
3,39,-2.3934,1.432,-7.6573,1.0787,3.2615e-07
3,40,-2.3934,1.432,-7.1797,2.0081,3.2587e-07
3,41,-2.3934,1.432,-6.7558,0.071307,3.3762e-07
3,42,-2.3934,1.432,-7.0942,2.5105,3.341e-07
3,43,-2.3934,1.432,-6.008,1.3141,1.8117e-07
3,44,-2.3934,1.432,-5.9648,1.7855,1.9089e-07
3,45,-2.3934,1.432,-6.5568,0.70734,3.4198e-07
3,46,-2.3934,1.432,-6.4919,3.1112,3.2371e-07
3,47,-2.3934,1.432,-6.0823,2.6445,2.8217e-07
3,48,-2.3934,1.432,-6.0779,0.47574,2.7096e-07
3,49,-2.3934,1.432,-6.5641,0.25413,3.1833e-07
3,50,-2.3934,1.432,-6.5411,1.3214,3.1883e-07
3,51,-2.3934,1.432,-6.2728,0.78381,3.7428e-07
3,52,-2.3934,1.432,-6.3483,2.1461,3.701e-07
3,53,-2.3934,1.432,-6.3853,1.3995,3.7497e-07
3,54,-2.3934,1.432,-6.4686,1.6651,3.7389e-07
3,55,-2.3934,1.432,-6.8323,3.0988,3.2421e-07
3,56,-2.3934,1.432,-6.7719,0.1916,3.2417e-07
3,57,-2.3934,1.432,-6.1662,1.8883,3.7499e-07
3,58,-2.3934,1.432,-6.1615,0.78448,3.8117e-07
3,59,-2.3934,1.432,-5.6626,1.5697,2.9068e-07
3,60,-2.3934,1.432,-6.1383,2.5785,2.8394e-07
3,61,-2.3934,1.432,-6.4417,0.10916,3.2481e-07
3,62,-2.3934,1.432,-6.4612,2.9936,3.2388e-07
3,63,-2.3934,1.432,-6.8065,2.9372,3.2926e-07
3,64,-2.3934,1.432,-6.7499,0.36746,3.2969e-07
4,5,-4.049,1.4289,-3.8464,1.729,-1.4998e-07
4,6,-4.049,1.4289,-3.8356,1.4182,-1.5844e-07
4,7,-4.049,1.4289,-2.9112,1.3925,-9.457e-08
4,8,-4.049,1.4289,-1.9535,1.7524,-1.6227e-07
4,9,-4.049,1.4289,-3.6679,1.739,-8.57e-08
4,10,-4.049,1.4289,-0.41621,1.7981,-1.1962e-07
4,11,-4.049,1.4289,-4.7824,1.9148,-5.245e-08
4,12,-4.049,1.4289,-4.1833,1.2502,-7.254e-08
4,13,-4.049,1.4289,-2.6729,1.9823,-5.72e-08
4,14,-4.049,1.4289,-3.2582,1.1856,-2.849e-08
4,15,-4.049,1.4289,-4.2017,1.7902,-7.64e-08
4,16,-4.049,1.4289,-1.341,1.8223,-1.1164e-07
4,17,-4.049,1.4289,-4.3954,1.795,-7.01e-08
4,18,-4.049,1.4289,-1.8322,1.8141,-1.0577e-07
4,19,-4.049,1.4289,-4.2568,1.7993,-7.269e-08
4,20,-4.049,1.4289,-0.84612,1.7946,-1.0857e-07
4,21,-4.049,1.4289,-2.3282,1.9896,-5.133e-08
4,22,-4.049,1.4289,-2.3222,1.6677,-7.18e-08
4,23,-4.049,1.4289,-3.4608,1.9747,-6.147e-08
4,24,-4.049,1.4289,-3.9445,1.1964,-2.211e-08
4,25,-4.049,1.4289,-1.971,1.1597,1.31e-08
4,26,-4.049,1.4289,-1.6217,1.9558,-8.478e-08
4,27,-4.049,1.4289,-4.0263,1.9147,-3.231e-08
4,28,-4.049,1.4289,-0.46781,1.918,-9.18e-08
4,29,-4.049,1.4289,-1.7753,1.1736,4.447e-08
4,30,-4.049,1.4289,-4.0864,1.2204,-4.22e-08
4,31,-4.049,1.4289,-3.7308,1.9383,-3.267e-08
4,32,-4.049,1.4289,-2.8472,1.979,-8.914e-08
4,33,-4.049,1.4289,-2.5373,2.2849,5.69e-08
4,34,-4.049,1.4289,-0.85235,2.291,4.539e-08
4,35,-4.049,1.4289,-7.2003,0.46719,3.2356e-07
4,36,-4.049,1.4289,-7.1357,2.8462,3.2375e-07
4,37,-4.049,1.4289,-5.9264,0.29628,4.0958e-07
4,38,-4.049,1.4289,-6.8305,1.4213,4.0972e-07
4,39,-4.049,1.4289,-7.6573,1.0787,3.2538e-07
4,40,-4.049,1.4289,-7.1797,2.0081,3.2596e-07
4,41,-4.049,1.4289,-6.7558,0.071307,3.3788e-07
4,42,-4.049,1.4289,-7.0942,2.5105,3.3382e-07
4,43,-4.049,1.4289,-6.008,1.3141,1.8149e-07
4,44,-4.049,1.4289,-5.9648,1.7855,1.8794e-07
4,45,-4.049,1.4289,-6.5568,0.70734,3.4242e-07
4,46,-4.049,1.4289,-6.4919,3.1112,3.2643e-07
4,47,-4.049,1.4289,-6.0823,2.6445,2.7588e-07
4,48,-4.049,1.4289,-6.0779,0.47574,2.6267e-07
4,49,-4.049,1.4289,-6.5641,0.25413,3.2247e-07
4,50,-4.049,1.4289,-6.5411,1.3214,3.2202e-07
4,51,-4.049,1.4289,-6.2728,0.78381,3.7843e-07
4,52,-4.049,1.4289,-6.3483,2.1461,3.7373e-07
4,53,-4.049,1.4289,-6.3853,1.3995,3.7619e-07
4,54,-4.049,1.4289,-6.4686,1.6651,3.7493e-07
4,55,-4.049,1.4289,-6.8323,3.0988,3.237e-07
4,56,-4.049,1.4289,-6.7719,0.1916,3.2302e-07
4,57,-4.049,1.4289,-6.1662,1.8883,3.7803e-07
4,58,-4.049,1.4289,-6.1615,0.78448,3.8466e-07
4,59,-4.049,1.4289,-5.6626,1.5697,2.8784e-07
4,60,-4.049,1.4289,-6.1383,2.5785,2.7687e-07
4,61,-4.049,1.4289,-6.4417,0.10916,3.2762e-07
4,62,-4.049,1.4289,-6.4612,2.9936,3.2706e-07
4,63,-4.049,1.4289,-6.8065,2.9372,3.2956e-07
4,64,-4.049,1.4289,-6.7499,0.36746,3.315e-07
5,6,-3.8464,1.729,-3.8356,1.4182,-1.6823e-07
5,7,-3.8464,1.729,-2.9112,1.3925,-1.216e-07
5,8,-3.8464,1.729,-1.9535,1.7524,-1.4989e-07
5,9,-3.8464,1.729,-3.6679,1.739,-3.992e-08
5,10,-3.8464,1.729,-0.41621,1.7981,-1.0572e-07
5,11,-3.8464,1.729,-4.7824,1.9148,4.67e-09
5,12,-3.8464,1.729,-4.1833,1.2502,-1.0019e-07
5,13,-3.8464,1.729,-2.6729,1.9823,-8.1e-10
5,14,-3.8464,1.729,-3.2582,1.1856,-7.337e-08
5,15,-3.8464,1.729,-4.2017,1.7902,-2.962e-08
5,16,-3.8464,1.729,-1.341,1.8223,-9.691e-08
5,17,-3.8464,1.729,-4.3954,1.795,-2.302e-08
5,18,-3.8464,1.729,-1.8322,1.8141,-9.077e-08
5,19,-3.8464,1.729,-4.2568,1.7993,-2.541e-08
5,20,-3.8464,1.729,-0.84612,1.7946,-9.326e-08
5,21,-3.8464,1.729,-2.3282,1.9896,8.57e-09
5,22,-3.8464,1.729,-2.3222,1.6677,-7.585e-08
5,23,-3.8464,1.729,-3.4608,1.9747,-5.15e-09
5,24,-3.8464,1.729,-3.9445,1.1964,-6.565e-08
5,25,-3.8464,1.729,-1.971,1.1597,-3.394e-08
5,26,-3.8464,1.729,-1.6217,1.9558,-3.463e-08
5,27,-3.8464,1.729,-4.0263,1.9147,2.585e-08
5,28,-3.8464,1.729,-0.46781,1.918,-5.968e-08
5,29,-3.8464,1.729,-1.7753,1.1736,-3.15e-09
5,30,-3.8464,1.729,-4.0864,1.2204,-7.401e-08
5,31,-3.8464,1.729,-3.7308,1.9383,2.681e-08
5,32,-3.8464,1.729,-2.8472,1.979,-5.235e-08
5,33,-3.8464,1.729,-2.5373,2.2849,1.3925e-07
5,34,-3.8464,1.729,-0.85235,2.291,1.2945e-07
5,35,-3.8464,1.729,-7.2003,0.46719,3.4287e-07
5,36,-3.8464,1.729,-7.1357,2.8462,3.4384e-07
5,37,-3.8464,1.729,-5.9264,0.29628,4.1558e-07
5,38,-3.8464,1.729,-6.8305,1.4213,4.1729e-07
5,39,-3.8464,1.729,-7.6573,1.0787,3.4647e-07
5,40,-3.8464,1.729,-7.1797,2.0081,3.4607e-07
5,41,-3.8464,1.729,-6.7558,0.071307,3.5697e-07
5,42,-3.8464,1.729,-7.0942,2.5105,3.5417e-07
5,43,-3.8464,1.729,-6.008,1.3141,1.9729e-07
5,44,-3.8464,1.729,-5.9648,1.7855,2.0907e-07
5,45,-3.8464,1.729,-6.5568,0.70734,3.6144e-07
5,46,-3.8464,1.729,-6.4919,3.1112,3.4109e-07
5,47,-3.8464,1.729,-6.0823,2.6445,3.0663e-07
5,48,-3.8464,1.729,-6.0779,0.47574,2.9606e-07
5,49,-3.8464,1.729,-6.5641,0.25413,3.338e-07
5,50,-3.8464,1.729,-6.5411,1.3214,3.3483e-07
5,51,-3.8464,1.729,-6.2728,0.78381,3.913e-07
5,52,-3.8464,1.729,-6.3483,2.1461,3.8723e-07
5,53,-3.8464,1.729,-6.3853,1.3995,3.9468e-07
5,54,-3.8464,1.729,-6.4686,1.6651,3.9365e-07
5,55,-3.8464,1.729,-6.8323,3.0988,3.4421e-07
5,56,-3.8464,1.729,-6.7719,0.1916,3.4446e-07
5,57,-3.8464,1.729,-6.1662,1.8883,3.9353e-07
5,58,-3.8464,1.729,-6.1615,0.78448,3.9978e-07
5,59,-3.8464,1.729,-5.6626,1.5697,3.125e-07
5,60,-3.8464,1.729,-6.1383,2.5785,3.099e-07
5,61,-3.8464,1.729,-6.4417,0.10916,3.417e-07
5,62,-3.8464,1.729,-6.4612,2.9936,3.4094e-07
5,63,-3.8464,1.729,-6.8065,2.9372,3.4895e-07
5,64,-3.8464,1.729,-6.7499,0.36746,3.4859e-07
6,7,-3.8356,1.4182,-2.9112,1.3925,-5.584e-08
6,8,-3.8356,1.4182,-1.9535,1.7524,-1.2314e-07
6,9,-3.8356,1.4182,-3.6679,1.739,-4.939e-08
6,10,-3.8356,1.4182,-0.41621,1.7981,-8.137e-08
6,11,-3.8356,1.4182,-4.7824,1.9148,-1.755e-08
6,12,-3.8356,1.4182,-4.1833,1.2502,-3.321e-08
6,13,-3.8356,1.4182,-2.6729,1.9823,-2.209e-08
6,14,-3.8356,1.4182,-3.2582,1.1856,1.036e-08
6,15,-3.8356,1.4182,-4.2017,1.7902,-4.011e-08
6,16,-3.8356,1.4182,-1.341,1.8223,-7.336e-08
6,17,-3.8356,1.4182,-4.3954,1.795,-3.382e-08
6,18,-3.8356,1.4182,-1.8322,1.8141,-6.747e-08
6,19,-3.8356,1.4182,-4.2568,1.7993,-3.64e-08
6,20,-3.8356,1.4182,-0.84612,1.7946,-7.026e-08
6,21,-3.8356,1.4182,-2.3282,1.9896,-1.626e-08
6,22,-3.8356,1.4182,-2.3222,1.6677,-3.395e-08
6,23,-3.8356,1.4182,-3.4608,1.9747,-2.594e-08
6,24,-3.8356,1.4182,-3.9445,1.1964,1.667e-08
6,25,-3.8356,1.4182,-1.971,1.1597,5.093e-08
6,26,-3.8356,1.4182,-1.6217,1.9558,-4.819e-08
6,27,-3.8356,1.4182,-4.0263,1.9147,2.49e-09
6,28,-3.8356,1.4182,-0.46781,1.918,-5.435e-08
6,29,-3.8356,1.4182,-1.7753,1.1736,8.14e-08
6,30,-3.8356,1.4182,-4.0864,1.2204,-3.03e-09
6,31,-3.8356,1.4182,-3.7308,1.9383,2.09e-09
6,32,-3.8356,1.4182,-2.8472,1.979,-5.192e-08
6,33,-3.8356,1.4182,-2.5373,2.2849,8.79e-08
6,34,-3.8356,1.4182,-0.85235,2.291,7.676e-08
6,35,-3.8356,1.4182,-7.2003,0.46719,3.4331e-07
6,36,-3.8356,1.4182,-7.1357,2.8462,3.4351e-07
6,37,-3.8356,1.4182,-5.9264,0.29628,4.2732e-07
6,38,-3.8356,1.4182,-6.8305,1.4213,4.2748e-07
6,39,-3.8356,1.4182,-7.6573,1.0787,3.4502e-07
6,40,-3.8356,1.4182,-7.1797,2.0081,3.4557e-07
6,41,-3.8356,1.4182,-6.7558,0.071307,3.5767e-07
6,42,-3.8356,1.4182,-7.0942,2.5105,3.5363e-07
6,43,-3.8356,1.4182,-6.008,1.3141,2.0506e-07
6,44,-3.8356,1.4182,-5.9648,1.7855,2.1114e-07
6,45,-3.8356,1.4182,-6.5568,0.70734,3.6185e-07
6,46,-3.8356,1.4182,-6.4919,3.1112,3.4643e-07
6,47,-3.8356,1.4182,-6.0823,2.6445,2.9646e-07
6,48,-3.8356,1.4182,-6.0779,0.47574,2.836e-07
6,49,-3.8356,1.4182,-6.5641,0.25413,3.4265e-07
6,50,-3.8356,1.4182,-6.5411,1.3214,3.4218e-07
6,51,-3.8356,1.4182,-6.2728,0.78381,3.9713e-07
6,52,-3.8356,1.4182,-6.3483,2.1461,3.9254e-07
6,53,-3.8356,1.4182,-6.3853,1.3995,3.9467e-07
6,54,-3.8356,1.4182,-6.4686,1.6651,3.9343e-07
6,55,-3.8356,1.4182,-6.8323,3.0988,3.4345e-07
6,56,-3.8356,1.4182,-6.7719,0.1916,3.4277e-07
6,57,-3.8356,1.4182,-6.1662,1.8883,3.9658e-07
6,58,-3.8356,1.4182,-6.1615,0.78448,4.0299e-07
6,59,-3.8356,1.4182,-5.6626,1.5697,3.0827e-07
6,60,-3.8356,1.4182,-6.1383,2.5785,2.9715e-07
6,61,-3.8356,1.4182,-6.4417,0.10916,3.4758e-07
6,62,-3.8356,1.4182,-6.4612,2.9936,3.4699e-07
6,63,-3.8356,1.4182,-6.8065,2.9372,3.4919e-07
6,64,-3.8356,1.4182,-6.7499,0.36746,3.5113e-07
7,8,-2.9112,1.3925,-1.9535,1.7524,-1.4645e-07
7,9,-2.9112,1.3925,-3.6679,1.739,-5.165e-08
7,10,-2.9112,1.3925,-0.41621,1.7981,-1.0349e-07
7,11,-2.9112,1.3925,-4.7824,1.9148,-1.354e-08
7,12,-2.9112,1.3925,-4.1833,1.2502,-7.041e-08
7,13,-2.9112,1.3925,-2.6729,1.9823,-1.984e-08
7,14,-2.9112,1.3925,-3.2582,1.1856,-3.388e-08
7,15,-2.9112,1.3925,-4.2017,1.7902,-4.192e-08
7,16,-2.9112,1.3925,-1.341,1.8223,-9.52e-08
7,17,-2.9112,1.3925,-4.3954,1.795,-3.55e-08
7,18,-2.9112,1.3925,-1.8322,1.8141,-8.922e-08
7,19,-2.9112,1.3925,-4.2568,1.7993,-3.801e-08
7,20,-2.9112,1.3925,-0.84612,1.7946,-9.189e-08
7,21,-2.9112,1.3925,-2.3282,1.9896,-1.173e-08
7,22,-2.9112,1.3925,-2.3222,1.6677,-6.309e-08
7,23,-2.9112,1.3925,-3.4608,1.9747,-2.422e-08
7,24,-2.9112,1.3925,-3.9445,1.1964,-2.697e-08
7,25,-2.9112,1.3925,-1.971,1.1597,7.11e-09
7,26,-2.9112,1.3925,-1.6217,1.9558,-5.125e-08
7,27,-2.9112,1.3925,-4.0263,1.9147,6.95e-09
7,28,-2.9112,1.3925,-0.46781,1.918,-6.767e-08
7,29,-2.9112,1.3925,-1.7753,1.1736,3.865e-08
7,30,-2.9112,1.3925,-4.0864,1.2204,-4.176e-08
7,31,-2.9112,1.3925,-3.7308,1.9383,7.02e-09
7,32,-2.9112,1.3925,-2.8472,1.979,-6.276e-08
7,33,-2.9112,1.3925,-2.5373,2.2849,1.0556e-07
7,34,-2.9112,1.3925,-0.85235,2.291,9.481e-08
7,35,-2.9112,1.3925,-7.2003,0.46719,3.5395e-07
7,36,-2.9112,1.3925,-7.1357,2.8462,3.548e-07
7,37,-2.9112,1.3925,-5.9264,0.29628,4.3586e-07
7,38,-2.9112,1.3925,-6.8305,1.4213,4.3671e-07
7,39,-2.9112,1.3925,-7.6573,1.0787,3.5675e-07
7,40,-2.9112,1.3925,-7.1797,2.0081,3.5657e-07
7,41,-2.9112,1.3925,-6.7558,0.071307,3.6839e-07
7,42,-2.9112,1.3925,-7.0942,2.5105,3.646e-07
7,43,-2.9112,1.3925,-6.008,1.3141,2.0804e-07
7,44,-2.9112,1.3925,-5.9648,1.7855,2.1751e-07
7,45,-2.9112,1.3925,-6.5568,0.70734,3.7315e-07
7,46,-2.9112,1.3925,-6.4919,3.1112,3.5485e-07
7,47,-2.9112,1.3925,-6.0823,2.6445,3.1014e-07
7,48,-2.9112,1.3925,-6.0779,0.47574,2.9811e-07
7,49,-2.9112,1.3925,-6.5641,0.25413,3.4989e-07
7,50,-2.9112,1.3925,-6.5411,1.3214,3.5024e-07
7,51,-2.9112,1.3925,-6.2728,0.78381,4.0734e-07
7,52,-2.9112,1.3925,-6.3483,2.1461,4.0289e-07
7,53,-2.9112,1.3925,-6.3853,1.3995,4.0732e-07
7,54,-2.9112,1.3925,-6.4686,1.6651,4.0618e-07
7,55,-2.9112,1.3925,-6.8323,3.0988,3.5477e-07
7,56,-2.9112,1.3925,-6.7719,0.1916,3.5461e-07
7,57,-2.9112,1.3925,-6.1662,1.8883,4.0767e-07
7,58,-2.9112,1.3925,-6.1615,0.78448,4.1417e-07
7,59,-2.9112,1.3925,-5.6626,1.5697,3.1976e-07
7,60,-2.9112,1.3925,-6.1383,2.5785,3.1179e-07
7,61,-2.9112,1.3925,-6.4417,0.10916,3.5619e-07
7,62,-2.9112,1.3925,-6.4612,2.9936,3.5525e-07
7,63,-2.9112,1.3925,-6.8065,2.9372,3.6009e-07
7,64,-2.9112,1.3925,-6.7499,0.36746,3.6082e-07
8,9,-1.9535,1.7524,-3.6679,1.739,2.711e-08
8,10,-1.9535,1.7524,-0.41621,1.7981,-5.021e-08
8,11,-1.9535,1.7524,-4.7824,1.9148,7.383e-08
8,12,-1.9535,1.7524,-4.1833,1.2502,-6.378e-08
8,13,-1.9535,1.7524,-2.6729,1.9823,6.92e-08
8,14,-1.9535,1.7524,-3.2582,1.1856,-4.937e-08
8,15,-1.9535,1.7524,-4.2017,1.7902,3.787e-08
8,16,-1.9535,1.7524,-1.341,1.8223,-4.09e-08
8,17,-1.9535,1.7524,-4.3954,1.795,4.463e-08
8,18,-1.9535,1.7524,-1.8322,1.8141,-3.459e-08
8,19,-1.9535,1.7524,-4.2568,1.7993,4.236e-08
8,20,-1.9535,1.7524,-0.84612,1.7946,-3.689e-08
8,21,-1.9535,1.7524,-2.3282,1.9896,7.978e-08
8,22,-1.9535,1.7524,-2.3222,1.6677,-3.232e-08
8,23,-1.9535,1.7524,-3.4608,1.9747,6.593e-08
8,24,-1.9535,1.7524,-3.9445,1.1964,-4.087e-08
8,25,-1.9535,1.7524,-1.971,1.1597,-1.44e-08
8,26,-1.9535,1.7524,-1.6217,1.9558,3.627e-08
8,27,-1.9535,1.7524,-4.0263,1.9147,9.541e-08
8,28,-1.9535,1.7524,-0.46781,1.918,3.92e-09
8,29,-1.9535,1.7524,-1.7753,1.1736,1.27e-08
8,30,-1.9535,1.7524,-4.0864,1.2204,-4.053e-08
8,31,-1.9535,1.7524,-3.7308,1.9383,9.699e-08
8,32,-1.9535,1.7524,-2.8472,1.979,1.319e-08
8,33,-1.9535,1.7524,-2.5373,2.2849,2.1226e-07
8,34,-1.9535,1.7524,-0.85235,2.291,2.041e-07
8,35,-1.9535,1.7524,-7.2003,0.46719,3.5352e-07
8,36,-1.9535,1.7524,-7.1357,2.8462,3.5509e-07
8,37,-1.9535,1.7524,-5.9264,0.29628,4.1374e-07
8,38,-1.9535,1.7524,-6.8305,1.4213,4.16e-07
8,39,-1.9535,1.7524,-7.6573,1.0787,3.5786e-07
8,40,-1.9535,1.7524,-7.1797,2.0081,3.567e-07
8,41,-1.9535,1.7524,-6.7558,0.071307,3.6769e-07
8,42,-1.9535,1.7524,-7.0942,2.5105,3.6557e-07
8,43,-1.9535,1.7524,-6.008,1.3141,2.1561e-07
8,44,-1.9535,1.7524,-5.9648,1.7855,2.2963e-07
8,45,-1.9535,1.7524,-6.5568,0.70734,3.7116e-07
8,46,-1.9535,1.7524,-6.4919,3.1112,3.499e-07
8,47,-1.9535,1.7524,-6.0823,2.6445,3.2554e-07
8,48,-1.9535,1.7524,-6.0779,0.47574,3.1762e-07
8,49,-1.9535,1.7524,-6.5641,0.25413,3.4126e-07
8,50,-1.9535,1.7524,-6.5411,1.3214,3.431e-07
8,51,-1.9535,1.7524,-6.2728,0.78381,3.9578e-07
8,52,-1.9535,1.7524,-6.3483,2.1461,3.9256e-07
8,53,-1.9535,1.7524,-6.3853,1.3995,4.0167e-07
8,54,-1.9535,1.7524,-6.4686,1.6651,4.0094e-07
8,55,-1.9535,1.7524,-6.8323,3.0988,3.5557e-07
8,56,-1.9535,1.7524,-6.7719,0.1916,3.5639e-07
8,57,-1.9535,1.7524,-6.1662,1.8883,3.9908e-07
8,58,-1.9535,1.7524,-6.1615,0.78448,4.0448e-07
8,59,-1.9535,1.7524,-5.6626,1.5697,3.2783e-07
8,60,-1.9535,1.7524,-6.1383,2.5785,3.2917e-07
8,61,-1.9535,1.7524,-6.4417,0.10916,3.5006e-07
8,62,-1.9535,1.7524,-6.4612,2.9936,3.4903e-07
8,63,-1.9535,1.7524,-6.8065,2.9372,3.5933e-07
8,64,-1.9535,1.7524,-6.7499,0.36746,3.576e-07
9,10,-3.6679,1.739,-0.41621,1.7981,-5.046e-08
9,11,-3.6679,1.739,-4.7824,1.9148,5.782e-08
9,12,-3.6679,1.739,-4.1833,1.2502,-4.878e-08
9,13,-3.6679,1.739,-2.6729,1.9823,5.309e-08
9,14,-3.6679,1.739,-3.2582,1.1856,-2.346e-08
9,15,-3.6679,1.739,-4.2017,1.7902,2.405e-08
9,16,-3.6679,1.739,-1.341,1.8223,-4.155e-08
9,17,-3.6679,1.739,-4.3954,1.795,3.066e-08
9,18,-3.6679,1.739,-1.8322,1.8141,-3.538e-08
9,19,-3.6679,1.739,-4.2568,1.7993,2.829e-08
9,20,-3.6679,1.739,-0.84612,1.7946,-3.784e-08
9,21,-3.6679,1.739,-2.3282,1.9896,6.227e-08
9,22,-3.6679,1.739,-2.3222,1.6677,-2.222e-08
9,23,-3.6679,1.739,-3.4608,1.9747,4.91e-08
9,24,-3.6679,1.739,-3.9445,1.1964,-1.567e-08
9,25,-3.6679,1.739,-1.971,1.1597,1.485e-08
9,26,-3.6679,1.739,-1.6217,1.9558,2.063e-08
9,27,-3.6679,1.739,-4.0263,1.9147,7.904e-08
9,28,-3.6679,1.739,-0.46781,1.918,-4.04e-09
9,29,-3.6679,1.739,-1.7753,1.1736,4.466e-08
9,30,-3.6679,1.739,-4.0864,1.2204,-2.306e-08
9,31,-3.6679,1.739,-3.7308,1.9383,8.012e-08
9,32,-3.6679,1.739,-2.8472,1.979,3.26e-09
9,33,-3.6679,1.739,-2.5373,2.2849,1.9104e-07
9,34,-3.6679,1.739,-0.85235,2.291,1.8163e-07
9,35,-3.6679,1.739,-7.2003,0.46719,3.751e-07
9,36,-3.6679,1.739,-7.1357,2.8462,3.7597e-07
9,37,-3.6679,1.739,-5.9264,0.29628,4.4428e-07
9,38,-3.6679,1.739,-6.8305,1.4213,4.4608e-07
9,39,-3.6679,1.739,-7.6573,1.0787,3.786e-07
9,40,-3.6679,1.739,-7.1797,2.0081,3.7828e-07
9,41,-3.6679,1.739,-6.7558,0.071307,3.8911e-07
9,42,-3.6679,1.739,-7.0942,2.5105,3.8656e-07
9,43,-3.6679,1.739,-6.008,1.3141,2.3407e-07
9,44,-3.6679,1.739,-5.9648,1.7855,2.4553e-07
9,45,-3.6679,1.739,-6.5568,0.70734,3.931e-07
9,46,-3.6679,1.739,-6.4919,3.1112,3.7321e-07
9,47,-3.6679,1.739,-6.0823,2.6445,3.4098e-07
9,48,-3.6679,1.739,-6.0779,0.47574,3.3084e-07
9,49,-3.6679,1.739,-6.5641,0.25413,3.6564e-07
9,50,-3.6679,1.739,-6.5411,1.3214,3.6667e-07
9,51,-3.6679,1.739,-6.2728,0.78381,4.2143e-07
9,52,-3.6679,1.739,-6.3483,2.1461,4.1751e-07
9,53,-3.6679,1.739,-6.3853,1.3995,4.2507e-07
9,54,-3.6679,1.739,-6.4686,1.6651,4.2408e-07
9,55,-3.6679,1.739,-6.8323,3.0988,3.7643e-07
9,56,-3.6679,1.739,-6.7719,0.1916,3.7668e-07
9,57,-3.6679,1.739,-6.1662,1.8883,4.2389e-07
9,58,-3.6679,1.739,-6.1615,0.78448,4.2993e-07
9,59,-3.6679,1.739,-5.6626,1.5697,3.4614e-07
9,60,-3.6679,1.739,-6.1383,2.5785,3.4429e-07
9,61,-3.6679,1.739,-6.4417,0.10916,3.7354e-07
9,62,-3.6679,1.739,-6.4612,2.9936,3.7289e-07
9,63,-3.6679,1.739,-6.8065,2.9372,3.8101e-07
9,64,-3.6679,1.739,-6.7499,0.36746,3.8061e-07
10,11,-0.41621,1.7981,-4.7824,1.9148,1.4201e-07
10,12,-0.41621,1.7981,-4.1833,1.2502,-1.259e-08
10,13,-0.41621,1.7981,-2.6729,1.9823,1.3853e-07
10,14,-0.41621,1.7981,-3.2582,1.1856,-5.49e-09
10,15,-0.41621,1.7981,-4.2017,1.7902,1.0573e-07
10,16,-0.41621,1.7981,-1.341,1.8223,2.331e-08
10,17,-0.41621,1.7981,-4.3954,1.795,1.1257e-07
10,18,-0.41621,1.7981,-1.8322,1.8141,2.972e-08
10,19,-0.41621,1.7981,-4.2568,1.7993,1.1038e-07
10,20,-0.41621,1.7981,-0.84612,1.7946,2.755e-08
10,21,-0.41621,1.7981,-2.3282,1.9896,1.4944e-07
10,22,-0.41621,1.7981,-2.3222,1.6677,2.436e-08
10,23,-0.41621,1.7981,-3.4608,1.9747,1.361e-07
10,24,-0.41621,1.7981,-3.9445,1.1964,3.46e-09
10,25,-0.41621,1.7981,-1.971,1.1597,2.631e-08
10,26,-0.41621,1.7981,-1.6217,1.9558,1.0731e-07
10,27,-0.41621,1.7981,-4.0263,1.9147,1.6383e-07
10,28,-0.41621,1.7981,-0.46781,1.918,7.197e-08
10,29,-0.41621,1.7981,-1.7753,1.1736,5.069e-08
10,30,-0.41621,1.7981,-4.0864,1.2204,8.83e-09
10,31,-0.41621,1.7981,-3.7308,1.9383,1.658e-07
10,32,-0.41621,1.7981,-2.8472,1.979,8.213e-08
10,33,-0.41621,1.7981,-2.5373,2.2849,2.8114e-07
10,34,-0.41621,1.7981,-0.85235,2.291,2.7411e-07
10,35,-0.41621,1.7981,-7.2003,0.46719,3.7471e-07
10,36,-0.41621,1.7981,-7.1357,2.8462,3.7641e-07
10,37,-0.41621,1.7981,-5.9264,0.29628,4.2577e-07
10,38,-0.41621,1.7981,-6.8305,1.4213,4.2834e-07
10,39,-0.41621,1.7981,-7.6573,1.0787,3.7928e-07
10,40,-0.41621,1.7981,-7.1797,2.0081,3.779e-07
10,41,-0.41621,1.7981,-6.7558,0.071307,3.8879e-07
10,42,-0.41621,1.7981,-7.0942,2.5105,3.8725e-07
10,43,-0.41621,1.7981,-6.008,1.3141,2.4468e-07
10,44,-0.41621,1.7981,-5.9648,1.7855,2.5943e-07
10,45,-0.41621,1.7981,-6.5568,0.70734,3.9136e-07
10,46,-0.41621,1.7981,-6.4919,3.1112,3.7014e-07
10,47,-0.41621,1.7981,-6.0823,2.6445,3.5261e-07
10,48,-0.41621,1.7981,-6.0779,0.47574,3.4634e-07
10,49,-0.41621,1.7981,-6.5641,0.25413,3.6055e-07
10,50,-0.41621,1.7981,-6.5411,1.3214,3.6274e-07
10,51,-0.41621,1.7981,-6.2728,0.78381,4.1203e-07
10,52,-0.41621,1.7981,-6.3483,2.1461,4.0936e-07
10,53,-0.41621,1.7981,-6.3853,1.3995,4.1939e-07
10,54,-0.41621,1.7981,-6.4686,1.6651,4.1881e-07
10,55,-0.41621,1.7981,-6.8323,3.0988,3.7707e-07
10,56,-0.41621,1.7981,-6.7719,0.1916,3.7814e-07
10,57,-0.41621,1.7981,-6.1662,1.8883,4.1611e-07
10,58,-0.41621,1.7981,-6.1615,0.78448,4.2094e-07
10,59,-0.41621,1.7981,-5.6626,1.5697,3.5255e-07
10,60,-0.41621,1.7981,-6.1383,2.5785,3.5651e-07
10,61,-0.41621,1.7981,-6.4417,0.10916,3.6977e-07
10,62,-0.41621,1.7981,-6.4612,2.9936,3.6877e-07
10,63,-0.41621,1.7981,-6.8065,2.9372,3.8025e-07
10,64,-0.41621,1.7981,-6.7499,0.36746,3.7785e-07
11,12,-4.7824,1.9148,-4.1833,1.2502,-4.428e-08
11,13,-4.7824,1.9148,-2.6729,1.9823,9.18e-08
11,14,-4.7824,1.9148,-3.2582,1.1856,-2.753e-08
11,15,-4.7824,1.9148,-4.2017,1.7902,5.92e-08
11,16,-4.7824,1.9148,-1.341,1.8223,-1.802e-08
11,17,-4.7824,1.9148,-4.3954,1.795,6.595e-08
11,18,-4.7824,1.9148,-1.8322,1.8141,-1.173e-08
11,19,-4.7824,1.9148,-4.2568,1.7993,6.367e-08
11,20,-4.7824,1.9148,-0.84612,1.7946,-1.404e-08
11,21,-4.7824,1.9148,-2.3282,1.9896,1.0222e-07
11,22,-4.7824,1.9148,-2.3222,1.6677,-7.75e-09
11,23,-4.7824,1.9148,-3.4608,1.9747,8.813e-08
11,24,-4.7824,1.9148,-3.9445,1.1964,-1.912e-08
11,25,-4.7824,1.9148,-1.971,1.1597,8.77e-09
11,26,-4.7824,1.9148,-1.6217,1.9558,5.808e-08
11,27,-4.7824,1.9148,-4.0263,1.9147,1.1793e-07
11,28,-4.7824,1.9148,-0.46781,1.918,2.651e-08
11,29,-4.7824,1.9148,-1.7753,1.1736,3.726e-08
11,30,-4.7824,1.9148,-4.0864,1.2204,-2.067e-08
11,31,-4.7824,1.9148,-3.7308,1.9383,1.1957e-07
11,32,-4.7824,1.9148,-2.8472,1.979,3.563e-08
11,33,-4.7824,1.9148,-2.5373,2.2849,2.3724e-07
11,34,-4.7824,1.9148,-0.85235,2.291,2.2884e-07
11,35,-4.7824,1.9148,-7.2003,0.46719,3.7841e-07
11,36,-4.7824,1.9148,-7.1357,2.8462,3.7958e-07
11,37,-4.7824,1.9148,-5.9264,0.29628,4.3922e-07
11,38,-4.7824,1.9148,-6.8305,1.4213,4.4162e-07
11,39,-4.7824,1.9148,-7.6573,1.0787,3.8255e-07
11,40,-4.7824,1.9148,-7.1797,2.0081,3.8181e-07
11,41,-4.7824,1.9148,-6.7558,0.071307,3.9232e-07
11,42,-4.7824,1.9148,-7.0942,2.5105,3.9043e-07
11,43,-4.7824,1.9148,-6.008,1.3141,2.4035e-07
11,44,-4.7824,1.9148,-5.9648,1.7855,2.538e-07
11,45,-4.7824,1.9148,-6.5568,0.70734,3.9582e-07
11,46,-4.7824,1.9148,-6.4919,3.1112,3.7467e-07
11,47,-4.7824,1.9148,-6.0823,2.6445,3.5065e-07
11,48,-4.7824,1.9148,-6.0779,0.47574,3.4206e-07
11,49,-4.7824,1.9148,-6.5641,0.25413,3.6566e-07
11,50,-4.7824,1.9148,-6.5411,1.3214,3.673e-07
11,51,-4.7824,1.9148,-6.2728,0.78381,4.2037e-07
11,52,-4.7824,1.9148,-6.3483,2.1461,4.1688e-07
11,53,-4.7824,1.9148,-6.3853,1.3995,4.2637e-07
11,54,-4.7824,1.9148,-6.4686,1.6651,4.2553e-07
11,55,-4.7824,1.9148,-6.8323,3.0988,3.8025e-07
11,56,-4.7824,1.9148,-6.7719,0.1916,3.809e-07
11,57,-4.7824,1.9148,-6.1662,1.8883,4.2395e-07
11,58,-4.7824,1.9148,-6.1615,0.78448,4.2962e-07
11,59,-4.7824,1.9148,-5.6626,1.5697,3.5281e-07
11,60,-4.7824,1.9148,-6.1383,2.5785,3.5476e-07
11,61,-4.7824,1.9148,-6.4417,0.10916,3.7457e-07
11,62,-4.7824,1.9148,-6.4612,2.9936,3.7388e-07
11,63,-4.7824,1.9148,-6.8065,2.9372,3.842e-07
11,64,-4.7824,1.9148,-6.7499,0.36746,3.8279e-07
12,13,-4.1833,1.2502,-2.6729,1.9823,4.909e-08
12,14,-4.1833,1.2502,-3.2582,1.1856,1.469e-07
12,15,-4.1833,1.2502,-4.2017,1.7902,3.953e-08
12,16,-4.1833,1.2502,-1.341,1.8223,3.103e-08
12,17,-4.1833,1.2502,-4.3954,1.795,4.563e-08
12,18,-4.1833,1.2502,-1.8322,1.8141,3.681e-08
12,19,-4.1833,1.2502,-4.2568,1.7993,4.296e-08
12,20,-4.1833,1.2502,-0.84612,1.7946,3.387e-08
12,21,-4.1833,1.2502,-2.3282,1.9896,5.242e-08
12,22,-4.1833,1.2502,-2.3222,1.6677,7.898e-08
12,23,-4.1833,1.2502,-3.4608,1.9747,4.652e-08
12,24,-4.1833,1.2502,-3.9445,1.1964,1.5235e-07
12,25,-4.1833,1.2502,-1.971,1.1597,1.8534e-07
12,26,-4.1833,1.2502,-1.6217,1.9558,3.118e-08
12,27,-4.1833,1.2502,-4.0263,1.9147,7.127e-08
12,28,-4.1833,1.2502,-0.46781,1.918,3.798e-08
12,29,-4.1833,1.2502,-1.7753,1.1736,2.1308e-07
12,30,-4.1833,1.2502,-4.0864,1.2204,1.279e-07
12,31,-4.1833,1.2502,-3.7308,1.9383,7.003e-08
12,32,-4.1833,1.2502,-2.8472,1.979,3.707e-08
12,33,-4.1833,1.2502,-2.5373,2.2849,1.314e-07
12,34,-4.1833,1.2502,-0.85235,2.291,1.2031e-07
12,35,-4.1833,1.2502,-7.2003,0.46719,3.7923e-07
12,36,-4.1833,1.2502,-7.1357,2.8462,3.7906e-07
12,37,-4.1833,1.2502,-5.9264,0.29628,4.6346e-07
12,38,-4.1833,1.2502,-6.8305,1.4213,4.6253e-07
12,39,-4.1833,1.2502,-7.6573,1.0787,3.7963e-07
12,40,-4.1833,1.2502,-7.1797,2.0081,3.806e-07
12,41,-4.1833,1.2502,-6.7558,0.071307,3.9384e-07
12,42,-4.1833,1.2502,-7.0942,2.5105,3.8925e-07
12,43,-4.1833,1.2502,-6.008,1.3141,2.5645e-07
12,44,-4.1833,1.2502,-5.9648,1.7855,2.5844e-07
12,45,-4.1833,1.2502,-6.5568,0.70734,3.9676e-07
12,46,-4.1833,1.2502,-6.4919,3.1112,3.8568e-07
12,47,-4.1833,1.2502,-6.0823,2.6445,3.2955e-07
12,48,-4.1833,1.2502,-6.0779,0.47574,3.1643e-07
12,49,-4.1833,1.2502,-6.5641,0.25413,3.8421e-07
12,50,-4.1833,1.2502,-6.5411,1.3214,3.8286e-07
12,51,-4.1833,1.2502,-6.2728,0.78381,4.3255e-07
12,52,-4.1833,1.2502,-6.3483,2.1461,4.2809e-07
12,53,-4.1833,1.2502,-6.3853,1.3995,4.2641e-07
12,54,-4.1833,1.2502,-6.4686,1.6651,4.2519e-07
12,55,-4.1833,1.2502,-6.8323,3.0988,3.7878e-07
12,56,-4.1833,1.2502,-6.7719,0.1916,3.7761e-07
12,57,-4.1833,1.2502,-6.1662,1.8883,4.3013e-07
12,58,-4.1833,1.2502,-6.1615,0.78448,4.3604e-07
12,59,-4.1833,1.2502,-5.6626,1.5697,3.439e-07
12,60,-4.1833,1.2502,-6.1383,2.5785,3.2802e-07
12,61,-4.1833,1.2502,-6.4417,0.10916,3.869e-07
12,62,-4.1833,1.2502,-6.4612,2.9936,3.8634e-07
12,63,-4.1833,1.2502,-6.8065,2.9372,3.8463e-07
12,64,-4.1833,1.2502,-6.7499,0.36746,3.8783e-07
13,14,-2.6729,1.9823,-3.2582,1.1856,-2.122e-08
13,15,-2.6729,1.9823,-4.2017,1.7902,1.0786e-07
13,16,-2.6729,1.9823,-1.341,1.8223,1.89e-08
13,17,-2.6729,1.9823,-4.3954,1.795,1.1474e-07
13,18,-2.6729,1.9823,-1.8322,1.8141,2.534e-08
13,19,-2.6729,1.9823,-4.2568,1.7993,1.1257e-07
13,20,-2.6729,1.9823,-0.84612,1.7946,2.32e-08
13,21,-2.6729,1.9823,-2.3282,1.9896,1.5533e-07
13,22,-2.6729,1.9823,-2.3222,1.6677,1.808e-08
13,23,-2.6729,1.9823,-3.4608,1.9747,1.4078e-07
13,24,-2.6729,1.9823,-3.9445,1.1964,-1.206e-08
13,25,-2.6729,1.9823,-1.971,1.1597,1.18e-08
13,26,-2.6729,1.9823,-1.6217,1.9558,1.098e-07
13,27,-2.6729,1.9823,-4.0263,1.9147,1.6967e-07
13,28,-2.6729,1.9823,-0.46781,1.918,7.1e-08
13,29,-2.6729,1.9823,-1.7753,1.1736,3.77e-08
13,30,-2.6729,1.9823,-4.0864,1.2204,-6.09e-09
13,31,-2.6729,1.9823,-3.7308,1.9383,1.7193e-07
13,32,-2.6729,1.9823,-2.8472,1.979,8.206e-08
13,33,-2.6729,1.9823,-2.5373,2.2849,2.9502e-07
13,34,-2.6729,1.9823,-0.85235,2.291,2.879e-07
13,35,-2.6729,1.9823,-7.2003,0.46719,3.8435e-07
13,36,-2.6729,1.9823,-7.1357,2.8462,3.8598e-07
13,37,-2.6729,1.9823,-5.9264,0.29628,4.3478e-07
13,38,-2.6729,1.9823,-6.8305,1.4213,4.3771e-07
13,39,-2.6729,1.9823,-7.6573,1.0787,3.8921e-07
13,40,-2.6729,1.9823,-7.1797,2.0081,3.8788e-07
13,41,-2.6729,1.9823,-6.7558,0.071307,3.9824e-07
13,42,-2.6729,1.9823,-7.0942,2.5105,3.9703e-07
13,43,-2.6729,1.9823,-6.008,1.3141,2.5117e-07
13,44,-2.6729,1.9823,-5.9648,1.7855,2.6682e-07
13,45,-2.6729,1.9823,-6.5568,0.70734,4.0104e-07
13,46,-2.6729,1.9823,-6.4919,3.1112,3.7871e-07
13,47,-2.6729,1.9823,-6.0823,2.6445,3.6391e-07
13,48,-2.6729,1.9823,-6.0779,0.47574,3.5744e-07
13,49,-2.6729,1.9823,-6.5641,0.25413,3.6824e-07
13,50,-2.6729,1.9823,-6.5411,1.3214,3.7062e-07
13,51,-2.6729,1.9823,-6.2728,0.78381,4.2107e-07
13,52,-2.6729,1.9823,-6.3483,2.1461,4.1826e-07
13,53,-2.6729,1.9823,-6.3853,1.3995,4.296e-07
13,54,-2.6729,1.9823,-6.4686,1.6651,4.2899e-07
13,55,-2.6729,1.9823,-6.8323,3.0988,3.8681e-07
13,56,-2.6729,1.9823,-6.7719,0.1916,3.8796e-07
13,57,-2.6729,1.9823,-6.1662,1.8883,4.2581e-07
13,58,-2.6729,1.9823,-6.1615,0.78448,4.3088e-07
13,59,-2.6729,1.9823,-5.6626,1.5697,3.6275e-07
13,60,-2.6729,1.9823,-6.1383,2.5785,3.6864e-07
13,61,-2.6729,1.9823,-6.4417,0.10916,3.7816e-07
13,62,-2.6729,1.9823,-6.4612,2.9936,3.773e-07
13,63,-2.6729,1.9823,-6.8065,2.9372,3.8996e-07
13,64,-2.6729,1.9823,-6.7499,0.36746,3.8734e-07
14,15,-3.2582,1.1856,-4.2017,1.7902,3.746e-08
14,16,-3.2582,1.1856,-1.341,1.8223,2.626e-08
14,17,-3.2582,1.1856,-4.3954,1.795,4.356e-08
14,18,-3.2582,1.1856,-1.8322,1.8141,3.203e-08
14,19,-3.2582,1.1856,-4.2568,1.7993,4.088e-08
14,20,-3.2582,1.1856,-0.84612,1.7946,2.908e-08
14,21,-3.2582,1.1856,-2.3282,1.9896,5.052e-08
14,22,-3.2582,1.1856,-2.3222,1.6677,7.481e-08
14,23,-3.2582,1.1856,-3.4608,1.9747,4.395e-08
14,24,-3.2582,1.1856,-3.9445,1.1964,1.4943e-07
14,25,-3.2582,1.1856,-1.971,1.1597,1.831e-07
14,26,-3.2582,1.1856,-1.6217,1.9558,2.768e-08
14,27,-3.2582,1.1856,-4.0263,1.9147,6.968e-08
14,28,-3.2582,1.1856,-0.46781,1.918,3.346e-08
14,29,-3.2582,1.1856,-1.7753,1.1736,2.1154e-07
14,30,-3.2582,1.1856,-4.0864,1.2204,1.2467e-07
14,31,-3.2582,1.1856,-3.7308,1.9383,6.838e-08
14,32,-3.2582,1.1856,-2.8472,1.979,3.271e-08
14,33,-3.2582,1.1856,-2.5373,2.2849,1.3044e-07
14,34,-3.2582,1.1856,-0.85235,2.291,1.1927e-07
14,35,-3.2582,1.1856,-7.2003,0.46719,3.8538e-07
14,36,-3.2582,1.1856,-7.1357,2.8462,3.8529e-07
14,37,-3.2582,1.1856,-5.9264,0.29628,4.7099e-07
14,38,-3.2582,1.1856,-6.8305,1.4213,4.7016e-07
14,39,-3.2582,1.1856,-7.6573,1.0787,3.8586e-07
14,40,-3.2582,1.1856,-7.1797,2.0081,3.8676e-07
14,41,-3.2582,1.1856,-6.7558,0.071307,4.0004e-07
14,42,-3.2582,1.1856,-7.0942,2.5105,3.9534e-07
14,43,-3.2582,1.1856,-6.008,1.3141,2.6048e-07
14,44,-3.2582,1.1856,-5.9648,1.7855,2.6286e-07
14,45,-3.2582,1.1856,-6.5568,0.70734,4.0318e-07
14,46,-3.2582,1.1856,-6.4919,3.1112,3.9176e-07
14,47,-3.2582,1.1856,-6.0823,2.6445,3.3497e-07
14,48,-3.2582,1.1856,-6.0779,0.47574,3.2167e-07
14,49,-3.2582,1.1856,-6.5641,0.25413,3.9041e-07
14,50,-3.2582,1.1856,-6.5411,1.3214,3.8912e-07
14,51,-3.2582,1.1856,-6.2728,0.78381,4.3956e-07
14,52,-3.2582,1.1856,-6.3483,2.1461,4.35e-07
14,53,-3.2582,1.1856,-6.3853,1.3995,4.3338e-07
14,54,-3.2582,1.1856,-6.4686,1.6651,4.3212e-07
14,55,-3.2582,1.1856,-6.8323,3.0988,3.8496e-07
14,56,-3.2582,1.1856,-6.7719,0.1916,3.8382e-07
14,57,-3.2582,1.1856,-6.1662,1.8883,4.3702e-07
14,58,-3.2582,1.1856,-6.1615,0.78448,4.4305e-07
14,59,-3.2582,1.1856,-5.6626,1.5697,3.495e-07
14,60,-3.2582,1.1856,-6.1383,2.5785,3.3345e-07
14,61,-3.2582,1.1856,-6.4417,0.10916,3.9315e-07
14,62,-3.2582,1.1856,-6.4612,2.9936,3.9252e-07
14,63,-3.2582,1.1856,-6.8065,2.9372,3.9086e-07
14,64,-3.2582,1.1856,-6.7499,0.36746,3.9399e-07
15,16,-4.2017,1.7902,-1.341,1.8223,-3.266e-08
15,17,-4.2017,1.7902,-4.3954,1.795,4.028e-08
15,18,-4.2017,1.7902,-1.8322,1.8141,-2.648e-08
15,19,-4.2017,1.7902,-4.2568,1.7993,3.791e-08
15,20,-4.2017,1.7902,-0.84612,1.7946,-2.894e-08
15,21,-4.2017,1.7902,-2.3282,1.9896,7.22e-08
15,22,-4.2017,1.7902,-2.3222,1.6677,-1.37e-08
15,23,-4.2017,1.7902,-3.4608,1.9747,5.895e-08
15,24,-4.2017,1.7902,-3.9445,1.1964,-8.08e-09
15,25,-4.2017,1.7902,-1.971,1.1597,2.24e-08
15,26,-4.2017,1.7902,-1.6217,1.9558,3.031e-08
15,27,-4.2017,1.7902,-4.0263,1.9147,8.894e-08
15,28,-4.2017,1.7902,-0.46781,1.918,5.24e-09
15,29,-4.2017,1.7902,-1.7753,1.1736,5.222e-08
15,30,-4.2017,1.7902,-4.0864,1.2204,-1.523e-08
15,31,-4.2017,1.7902,-3.7308,1.9383,9.005e-08
15,32,-4.2017,1.7902,-2.8472,1.979,1.265e-08
15,33,-4.2017,1.7902,-2.5373,2.2849,2.0156e-07
15,34,-4.2017,1.7902,-0.85235,2.291,1.9217e-07
15,35,-4.2017,1.7902,-7.2003,0.46719,3.8433e-07
15,36,-4.2017,1.7902,-7.1357,2.8462,3.8521e-07
15,37,-4.2017,1.7902,-5.9264,0.29628,4.5327e-07
15,38,-4.2017,1.7902,-6.8305,1.4213,4.551e-07
15,39,-4.2017,1.7902,-7.6573,1.0787,3.8787e-07
15,40,-4.2017,1.7902,-7.1797,2.0081,3.8753e-07
15,41,-4.2017,1.7902,-6.7558,0.071307,3.9834e-07
15,42,-4.2017,1.7902,-7.0942,2.5105,3.9582e-07
15,43,-4.2017,1.7902,-6.008,1.3141,2.4318e-07
15,44,-4.2017,1.7902,-5.9648,1.7855,2.5477e-07
15,45,-4.2017,1.7902,-6.5568,0.70734,4.0232e-07
15,46,-4.2017,1.7902,-6.4919,3.1112,3.8234e-07
15,47,-4.2017,1.7902,-6.0823,2.6445,3.5046e-07
15,48,-4.2017,1.7902,-6.0779,0.47574,3.4037e-07
15,49,-4.2017,1.7902,-6.5641,0.25413,3.7469e-07
15,50,-4.2017,1.7902,-6.5411,1.3214,3.7574e-07
15,51,-4.2017,1.7902,-6.2728,0.78381,4.3053e-07
15,52,-4.2017,1.7902,-6.3483,2.1461,4.2662e-07
15,53,-4.2017,1.7902,-6.3853,1.3995,4.3429e-07
15,54,-4.2017,1.7902,-6.4686,1.6651,4.333e-07
15,55,-4.2017,1.7902,-6.8323,3.0988,3.8568e-07
15,56,-4.2017,1.7902,-6.7719,0.1916,3.8595e-07
15,57,-4.2017,1.7902,-6.1662,1.8883,4.3305e-07
15,58,-4.2017,1.7902,-6.1615,0.78448,4.3909e-07
15,59,-4.2017,1.7902,-5.6626,1.5697,3.5549e-07
15,60,-4.2017,1.7902,-6.1383,2.5785,3.5383e-07
15,61,-4.2017,1.7902,-6.4417,0.10916,3.8264e-07
15,62,-4.2017,1.7902,-6.4612,2.9936,3.82e-07
15,63,-4.2017,1.7902,-6.8065,2.9372,3.9024e-07
15,64,-4.2017,1.7902,-6.7499,0.36746,3.898e-07
16,17,-1.341,1.8223,-4.3954,1.795,1.2374e-07
16,18,-1.341,1.8223,-1.8322,1.8141,4.02e-08
16,19,-1.341,1.8223,-4.2568,1.7993,1.2155e-07
16,20,-1.341,1.8223,-0.84612,1.7946,3.803e-08
16,21,-1.341,1.8223,-2.3282,1.9896,1.6088e-07
16,22,-1.341,1.8223,-2.3222,1.6677,3.43e-08
16,23,-1.341,1.8223,-3.4608,1.9747,1.4749e-07
16,24,-1.341,1.8223,-3.9445,1.1964,1.233e-08
16,25,-1.341,1.8223,-1.971,1.1597,3.503e-08
16,26,-1.341,1.8223,-1.6217,1.9558,1.1859e-07
16,27,-1.341,1.8223,-4.0263,1.9147,1.7521e-07
16,28,-1.341,1.8223,-0.46781,1.918,8.286e-08
16,29,-1.341,1.8223,-1.7753,1.1736,5.934e-08
16,30,-1.341,1.8223,-4.0864,1.2204,1.804e-08
16,31,-1.341,1.8223,-3.7308,1.9383,1.7722e-07
16,32,-1.341,1.8223,-2.8472,1.979,9.312e-08
16,33,-1.341,1.8223,-2.5373,2.2849,2.9297e-07
16,34,-1.341,1.8223,-0.85235,2.291,2.8599e-07
16,35,-1.341,1.8223,-7.2003,0.46719,3.8394e-07
16,36,-1.341,1.8223,-7.1357,2.8462,3.8565e-07
16,37,-1.341,1.8223,-5.9264,0.29628,4.3452e-07
16,38,-1.341,1.8223,-6.8305,1.4213,4.3711e-07
16,39,-1.341,1.8223,-7.6573,1.0787,3.8855e-07
16,40,-1.341,1.8223,-7.1797,2.0081,3.8714e-07
16,41,-1.341,1.8223,-6.7558,0.071307,3.9802e-07
16,42,-1.341,1.8223,-7.0942,2.5105,3.9652e-07
16,43,-1.341,1.8223,-6.008,1.3141,2.541e-07
16,44,-1.341,1.8223,-5.9648,1.7855,2.6896e-07
16,45,-1.341,1.8223,-6.5568,0.70734,4.0055e-07
16,46,-1.341,1.8223,-6.4919,3.1112,3.7925e-07
16,47,-1.341,1.8223,-6.0823,2.6445,3.6223e-07
16,48,-1.341,1.8223,-6.0779,0.47574,3.5604e-07
16,49,-1.341,1.8223,-6.5641,0.25413,3.6959e-07
16,50,-1.341,1.8223,-6.5411,1.3214,3.7181e-07
16,51,-1.341,1.8223,-6.2728,0.78381,4.21e-07
16,52,-1.341,1.8223,-6.3483,2.1461,4.1835e-07
16,53,-1.341,1.8223,-6.3853,1.3995,4.2849e-07
16,54,-1.341,1.8223,-6.4686,1.6651,4.2793e-07
16,55,-1.341,1.8223,-6.8323,3.0988,3.8633e-07
16,56,-1.341,1.8223,-6.7719,0.1916,3.8742e-07
16,57,-1.341,1.8223,-6.1662,1.8883,4.2514e-07
16,58,-1.341,1.8223,-6.1615,0.78448,4.2995e-07
16,59,-1.341,1.8223,-5.6626,1.5697,3.6198e-07
16,60,-1.341,1.8223,-6.1383,2.5785,3.6617e-07
16,61,-1.341,1.8223,-6.4417,0.10916,3.7886e-07
16,62,-1.341,1.8223,-6.4612,2.9936,3.7786e-07
16,63,-1.341,1.8223,-6.8065,2.9372,3.8947e-07
16,64,-1.341,1.8223,-6.7499,0.36746,3.8701e-07
17,18,-4.3954,1.795,-1.8322,1.8141,-2.017e-08
17,19,-4.3954,1.795,-4.2568,1.7993,4.447e-08
17,20,-4.3954,1.795,-0.84612,1.7946,-2.262e-08
17,21,-4.3954,1.795,-2.3282,1.9896,7.885e-08
17,22,-4.3954,1.795,-2.3222,1.6677,-7.52e-09
17,23,-4.3954,1.795,-3.4608,1.9747,6.557e-08
17,24,-4.3954,1.795,-3.9445,1.1964,-2.21e-09
17,25,-4.3954,1.795,-1.971,1.1597,2.825e-08
17,26,-4.3954,1.795,-1.6217,1.9558,3.688e-08
17,27,-4.3954,1.795,-4.0263,1.9147,9.559e-08
17,28,-4.3954,1.795,-0.46781,1.918,1.169e-08
17,29,-4.3954,1.795,-1.7753,1.1736,5.807e-08
17,30,-4.3954,1.795,-4.0864,1.2204,-9.27e-09
17,31,-4.3954,1.795,-3.7308,1.9383,9.67e-08
17,32,-4.3954,1.795,-2.8472,1.979,1.913e-08
17,33,-4.3954,1.795,-2.5373,2.2849,2.084e-07
17,34,-4.3954,1.795,-0.85235,2.291,1.9901e-07
17,35,-4.3954,1.795,-7.2003,0.46719,3.9069e-07
17,36,-4.3954,1.795,-7.1357,2.8462,3.9158e-07
17,37,-4.3954,1.795,-5.9264,0.29628,4.5954e-07
17,38,-4.3954,1.795,-6.8305,1.4213,4.6137e-07
17,39,-4.3954,1.795,-7.6573,1.0787,3.9424e-07
17,40,-4.3954,1.795,-7.1797,2.0081,3.9389e-07
17,41,-4.3954,1.795,-6.7558,0.071307,4.0469e-07
17,42,-4.3954,1.795,-7.0942,2.5105,4.0218e-07
17,43,-4.3954,1.795,-6.008,1.3141,2.4951e-07
17,44,-4.3954,1.795,-5.9648,1.7855,2.6114e-07
17,45,-4.3954,1.795,-6.5568,0.70734,4.0868e-07
17,46,-4.3954,1.795,-6.4919,3.1112,3.8866e-07
17,47,-4.3954,1.795,-6.0823,2.6445,3.569e-07
17,48,-4.3954,1.795,-6.0779,0.47574,3.4683e-07
17,49,-4.3954,1.795,-6.5641,0.25413,3.8098e-07
17,50,-4.3954,1.795,-6.5411,1.3214,3.8205e-07
17,51,-4.3954,1.795,-6.2728,0.78381,4.3684e-07
17,52,-4.3954,1.795,-6.3483,2.1461,4.3293e-07
17,53,-4.3954,1.795,-6.3853,1.3995,4.4064e-07
17,54,-4.3954,1.795,-6.4686,1.6651,4.3965e-07
17,55,-4.3954,1.795,-6.8323,3.0988,3.9205e-07
17,56,-4.3954,1.795,-6.7719,0.1916,3.9232e-07
17,57,-4.3954,1.795,-6.1662,1.8883,4.3938e-07
17,58,-4.3954,1.795,-6.1615,0.78448,4.4542e-07
17,59,-4.3954,1.795,-5.6626,1.5697,3.6188e-07
17,60,-4.3954,1.795,-6.1383,2.5785,3.603e-07
17,61,-4.3954,1.795,-6.4417,0.10916,3.8896e-07
17,62,-4.3954,1.795,-6.4612,2.9936,3.8832e-07
17,63,-4.3954,1.795,-6.8065,2.9372,3.966e-07
17,64,-4.3954,1.795,-6.7499,0.36746,3.9614e-07
18,19,-1.8322,1.8141,-4.2568,1.7993,1.2835e-07
18,20,-1.8322,1.8141,-0.84612,1.7946,4.464e-08
18,21,-1.8322,1.8141,-2.3282,1.9896,1.6776e-07
18,22,-1.8322,1.8141,-2.3222,1.6677,4.077e-08
18,23,-1.8322,1.8141,-3.4608,1.9747,1.5435e-07
18,24,-1.8322,1.8141,-3.9445,1.1964,1.85e-08
18,25,-1.8322,1.8141,-1.971,1.1597,4.117e-08
18,26,-1.8322,1.8141,-1.6217,1.9558,1.2542e-07
18,27,-1.8322,1.8141,-4.0263,1.9147,1.8208e-07
18,28,-1.8322,1.8141,-0.46781,1.918,8.957e-08
18,29,-1.8322,1.8141,-1.7753,1.1736,6.547e-08
18,30,-1.8322,1.8141,-4.0864,1.2204,2.43e-08
18,31,-1.8322,1.8141,-3.7308,1.9383,1.8409e-07
18,32,-1.8322,1.8141,-2.8472,1.979,9.986e-08
18,33,-1.8322,1.8141,-2.5373,2.2849,2.9996e-07
18,34,-1.8322,1.8141,-0.85235,2.291,2.93e-07
18,35,-1.8322,1.8141,-7.2003,0.46719,3.903e-07
18,36,-1.8322,1.8141,-7.1357,2.8462,3.9202e-07
18,37,-1.8322,1.8141,-5.9264,0.29628,4.4075e-07
18,38,-1.8322,1.8141,-6.8305,1.4213,4.4335e-07
18,39,-1.8322,1.8141,-7.6573,1.0787,3.9492e-07
18,40,-1.8322,1.8141,-7.1797,2.0081,3.935e-07
18,41,-1.8322,1.8141,-6.7558,0.071307,4.0437e-07
18,42,-1.8322,1.8141,-7.0942,2.5105,4.0288e-07
18,43,-1.8322,1.8141,-6.008,1.3141,2.6049e-07
18,44,-1.8322,1.8141,-5.9648,1.7855,2.7539e-07
18,45,-1.8322,1.8141,-6.5568,0.70734,4.069e-07
18,46,-1.8322,1.8141,-6.4919,3.1112,3.8558e-07
18,47,-1.8322,1.8141,-6.0823,2.6445,3.6868e-07
18,48,-1.8322,1.8141,-6.0779,0.47574,3.6252e-07
18,49,-1.8322,1.8141,-6.5641,0.25413,3.7589e-07
18,50,-1.8322,1.8141,-6.5411,1.3214,3.7813e-07
18,51,-1.8322,1.8141,-6.2728,0.78381,4.2729e-07
18,52,-1.8322,1.8141,-6.3483,2.1461,4.2464e-07
18,53,-1.8322,1.8141,-6.3853,1.3995,4.3482e-07
18,54,-1.8322,1.8141,-6.4686,1.6651,4.3426e-07
18,55,-1.8322,1.8141,-6.8323,3.0988,3.927e-07
18,56,-1.8322,1.8141,-6.7719,0.1916,3.9379e-07
18,57,-1.8322,1.8141,-6.1662,1.8883,4.3145e-07
18,58,-1.8322,1.8141,-6.1615,0.78448,4.3625e-07
18,59,-1.8322,1.8141,-5.6626,1.5697,3.6839e-07
18,60,-1.8322,1.8141,-6.1383,2.5785,3.7264e-07
18,61,-1.8322,1.8141,-6.4417,0.10916,3.8518e-07
18,62,-1.8322,1.8141,-6.4612,2.9936,3.8418e-07
18,63,-1.8322,1.8141,-6.8065,2.9372,3.9582e-07
18,64,-1.8322,1.8141,-6.7499,0.36746,3.9335e-07
19,20,-4.2568,1.7993,-0.84612,1.7946,-2.515e-08
19,21,-4.2568,1.7993,-2.3282,1.9896,7.673e-08
19,22,-4.2568,1.7993,-2.3222,1.6677,-1.019e-08
19,23,-4.2568,1.7993,-3.4608,1.9747,6.342e-08
19,24,-4.2568,1.7993,-3.9445,1.1964,-5.21e-09
19,25,-4.2568,1.7993,-1.971,1.1597,2.523e-08
19,26,-4.2568,1.7993,-1.6217,1.9558,3.466e-08
19,27,-4.2568,1.7993,-4.0263,1.9147,9.346e-08
19,28,-4.2568,1.7993,-0.46781,1.918,9.3e-09
19,29,-4.2568,1.7993,-1.7753,1.1736,5.507e-08
19,30,-4.2568,1.7993,-4.0864,1.2204,-1.218e-08
19,31,-4.2568,1.7993,-3.7308,1.9383,9.458e-08
19,32,-4.2568,1.7993,-2.8472,1.979,1.678e-08
19,33,-4.2568,1.7993,-2.5373,2.2849,2.0651e-07
19,34,-4.2568,1.7993,-0.85235,2.291,1.9713e-07
19,35,-4.2568,1.7993,-7.2003,0.46719,3.884e-07
19,36,-4.2568,1.7993,-7.1357,2.8462,3.8929e-07
19,37,-4.2568,1.7993,-5.9264,0.29628,4.5717e-07
19,38,-4.2568,1.7993,-6.8305,1.4213,4.5901e-07
19,39,-4.2568,1.7993,-7.6573,1.0787,3.9196e-07
19,40,-4.2568,1.7993,-7.1797,2.0081,3.916e-07
19,41,-4.2568,1.7993,-6.7558,0.071307,4.024e-07
19,42,-4.2568,1.7993,-7.0942,2.5105,3.999e-07
19,43,-4.2568,1.7993,-6.008,1.3141,2.4715e-07
19,44,-4.2568,1.7993,-5.9648,1.7855,2.5883e-07
19,45,-4.2568,1.7993,-6.5568,0.70734,4.0638e-07
19,46,-4.2568,1.7993,-6.4919,3.1112,3.8632e-07
19,47,-4.2568,1.7993,-6.0823,2.6445,3.5469e-07
19,48,-4.2568,1.7993,-6.0779,0.47574,3.4463e-07
19,49,-4.2568,1.7993,-6.5641,0.25413,3.7862e-07
19,50,-4.2568,1.7993,-6.5411,1.3214,3.797e-07
19,51,-4.2568,1.7993,-6.2728,0.78381,4.345e-07
19,52,-4.2568,1.7993,-6.3483,2.1461,4.306e-07
19,53,-4.2568,1.7993,-6.3853,1.3995,4.3835e-07
19,54,-4.2568,1.7993,-6.4686,1.6651,4.3737e-07
19,55,-4.2568,1.7993,-6.8323,3.0988,3.8976e-07
19,56,-4.2568,1.7993,-6.7719,0.1916,3.9004e-07
19,57,-4.2568,1.7993,-6.1662,1.8883,4.3706e-07
19,58,-4.2568,1.7993,-6.1615,0.78448,4.431e-07
19,59,-4.2568,1.7993,-5.6626,1.5697,3.5962e-07
19,60,-4.2568,1.7993,-6.1383,2.5785,3.5811e-07
19,61,-4.2568,1.7993,-6.4417,0.10916,3.8662e-07
19,62,-4.2568,1.7993,-6.4612,2.9936,3.8598e-07
19,63,-4.2568,1.7993,-6.8065,2.9372,3.9431e-07
19,64,-4.2568,1.7993,-6.7499,0.36746,3.9383e-07
20,21,-0.84612,1.7946,-2.3282,1.9896,1.6562e-07
20,22,-0.84612,1.7946,-2.3222,1.6677,3.826e-08
20,23,-0.84612,1.7946,-3.4608,1.9747,1.5218e-07
20,24,-0.84612,1.7946,-3.9445,1.1964,1.577e-08
20,25,-0.84612,1.7946,-1.971,1.1597,3.843e-08
20,26,-0.84612,1.7946,-1.6217,1.9558,1.2321e-07
20,27,-0.84612,1.7946,-4.0263,1.9147,1.7992e-07
20,28,-0.84612,1.7946,-0.46781,1.918,8.725e-08
20,29,-0.84612,1.7946,-1.7753,1.1736,6.273e-08
20,30,-0.84612,1.7946,-4.0864,1.2204,2.163e-08
20,31,-0.84612,1.7946,-3.7308,1.9383,1.8194e-07
20,32,-0.84612,1.7946,-2.8472,1.979,9.757e-08
20,33,-0.84612,1.7946,-2.5373,2.2849,2.9796e-07
20,34,-0.84612,1.7946,-0.85235,2.291,2.91e-07
20,35,-0.84612,1.7946,-7.2003,0.46719,3.8801e-07
20,36,-0.84612,1.7946,-7.1357,2.8462,3.8973e-07
20,37,-0.84612,1.7946,-5.9264,0.29628,4.384e-07
20,38,-0.84612,1.7946,-6.8305,1.4213,4.4101e-07
20,39,-0.84612,1.7946,-7.6573,1.0787,3.9263e-07
20,40,-0.84612,1.7946,-7.1797,2.0081,3.9122e-07
20,41,-0.84612,1.7946,-6.7558,0.071307,4.0208e-07
20,42,-0.84612,1.7946,-7.0942,2.5105,4.0059e-07
20,43,-0.84612,1.7946,-6.008,1.3141,2.5816e-07
20,44,-0.84612,1.7946,-5.9648,1.7855,2.7309e-07
20,45,-0.84612,1.7946,-6.5568,0.70734,4.0461e-07
20,46,-0.84612,1.7946,-6.4919,3.1112,3.8326e-07
20,47,-0.84612,1.7946,-6.0823,2.6445,3.6645e-07
20,48,-0.84612,1.7946,-6.0779,0.47574,3.603e-07
20,49,-0.84612,1.7946,-6.5641,0.25413,3.7355e-07
20,50,-0.84612,1.7946,-6.5411,1.3214,3.758e-07
20,51,-0.84612,1.7946,-6.2728,0.78381,4.2497e-07
20,52,-0.84612,1.7946,-6.3483,2.1461,4.2232e-07
20,53,-0.84612,1.7946,-6.3853,1.3995,4.3253e-07
20,54,-0.84612,1.7946,-6.4686,1.6651,4.3197e-07
20,55,-0.84612,1.7946,-6.8323,3.0988,3.9041e-07
20,56,-0.84612,1.7946,-6.7719,0.1916,3.9151e-07
20,57,-0.84612,1.7946,-6.1662,1.8883,4.2914e-07
20,58,-0.84612,1.7946,-6.1615,0.78448,4.3394e-07
20,59,-0.84612,1.7946,-5.6626,1.5697,3.6612e-07
20,60,-0.84612,1.7946,-6.1383,2.5785,3.7042e-07
20,61,-0.84612,1.7946,-6.4417,0.10916,3.8286e-07
20,62,-0.84612,1.7946,-6.4612,2.9936,3.8186e-07
20,63,-0.84612,1.7946,-6.8065,2.9372,3.9353e-07
20,64,-0.84612,1.7946,-6.7499,0.36746,3.9105e-07
21,22,-2.3282,1.9896,-2.3222,1.6677,2.42e-08
21,23,-2.3282,1.9896,-3.4608,1.9747,1.3209e-07
21,24,-2.3282,1.9896,-3.9445,1.1964,3.1e-09
21,25,-2.3282,1.9896,-1.971,1.1597,2.836e-08
21,26,-2.3282,1.9896,-1.6217,1.9558,1.0232e-07
21,27,-2.3282,1.9896,-4.0263,1.9147,1.6081e-07
21,28,-2.3282,1.9896,-0.46781,1.918,6.784e-08
21,29,-2.3282,1.9896,-1.7753,1.1736,5.497e-08
21,30,-2.3282,1.9896,-4.0864,1.2204,5.56e-09
21,31,-2.3282,1.9896,-3.7308,1.9383,1.6277e-07
21,32,-2.3282,1.9896,-2.8472,1.979,7.778e-08
21,33,-2.3282,1.9896,-2.5373,2.2849,2.8144e-07
21,34,-2.3282,1.9896,-0.85235,2.291,2.7386e-07
21,35,-2.3282,1.9896,-7.2003,0.46719,3.8875e-07
21,36,-2.3282,1.9896,-7.1357,2.8462,3.901e-07
21,37,-2.3282,1.9896,-5.9264,0.29628,4.4291e-07
21,38,-2.3282,1.9896,-6.8305,1.4213,4.4559e-07
21,39,-2.3282,1.9896,-7.6573,1.0787,3.9315e-07
21,40,-2.3282,1.9896,-7.1797,2.0081,3.9217e-07
21,41,-2.3282,1.9896,-6.7558,0.071307,4.0263e-07
21,42,-2.3282,1.9896,-7.0942,2.5105,4.0115e-07
21,43,-2.3282,1.9896,-6.008,1.3141,2.5558e-07
21,44,-2.3282,1.9896,-5.9648,1.7855,2.6982e-07
21,45,-2.3282,1.9896,-6.5568,0.70734,4.0553e-07
21,46,-2.3282,1.9896,-6.4919,3.1112,3.8417e-07
21,47,-2.3282,1.9896,-6.0823,2.6445,3.6535e-07
21,48,-2.3282,1.9896,-6.0779,0.47574,3.58e-07
21,49,-2.3282,1.9896,-6.5641,0.25413,3.7442e-07
21,50,-2.3282,1.9896,-6.5411,1.3214,3.7638e-07
21,51,-2.3282,1.9896,-6.2728,0.78381,4.2725e-07
21,52,-2.3282,1.9896,-6.3483,2.1461,4.2417e-07
21,53,-2.3282,1.9896,-6.3853,1.3995,4.3447e-07
21,54,-2.3282,1.9896,-6.4686,1.6651,4.3375e-07
21,55,-2.3282,1.9896,-6.8323,3.0988,3.9087e-07
21,56,-2.3282,1.9896,-6.7719,0.1916,3.9175e-07
21,57,-2.3282,1.9896,-6.1662,1.8883,4.3142e-07
21,58,-2.3282,1.9896,-6.1615,0.78448,4.3668e-07
21,59,-2.3282,1.9896,-5.6626,1.5697,3.6568e-07
21,60,-2.3282,1.9896,-6.1383,2.5785,3.6969e-07
21,61,-2.3282,1.9896,-6.4417,0.10916,3.8373e-07
21,62,-2.3282,1.9896,-6.4612,2.9936,3.83e-07
21,63,-2.3282,1.9896,-6.8065,2.9372,3.9437e-07
21,64,-2.3282,1.9896,-6.7499,0.36746,3.9239e-07
22,23,-2.3222,1.6677,-3.4608,1.9747,1.2959e-07
22,24,-2.3222,1.6677,-3.9445,1.1964,1.215e-08
22,25,-2.3222,1.6677,-1.971,1.1597,3.634e-08
22,26,-2.3222,1.6677,-1.6217,1.9558,1.0066e-07
22,27,-2.3222,1.6677,-4.0263,1.9147,1.5803e-07
22,28,-2.3222,1.6677,-0.46781,1.918,6.699e-08
22,29,-2.3222,1.6677,-1.7753,1.1736,6.157e-08
22,30,-2.3222,1.6677,-4.0864,1.2204,1.541e-08
22,31,-2.3222,1.6677,-3.7308,1.9383,1.5974e-07
22,32,-2.3222,1.6677,-2.8472,1.979,7.663e-08
22,33,-2.3222,1.6677,-2.5373,2.2849,2.7311e-07
22,34,-2.3222,1.6677,-0.85235,2.291,2.656e-07
22,35,-2.3222,1.6677,-7.2003,0.46719,3.8867e-07
22,36,-2.3222,1.6677,-7.1357,2.8462,3.9039e-07
22,37,-2.3222,1.6677,-5.9264,0.29628,4.4396e-07
22,38,-2.3222,1.6677,-6.8305,1.4213,4.463e-07
22,39,-2.3222,1.6677,-7.6573,1.0787,3.9312e-07
22,40,-2.3222,1.6677,-7.1797,2.0081,3.9175e-07
22,41,-2.3222,1.6677,-6.7558,0.071307,4.0287e-07
22,42,-2.3222,1.6677,-7.0942,2.5105,4.0097e-07
22,43,-2.3222,1.6677,-6.008,1.3141,2.5571e-07
22,44,-2.3222,1.6677,-5.9648,1.7855,2.7013e-07
22,45,-2.3222,1.6677,-6.5568,0.70734,4.058e-07
22,46,-2.3222,1.6677,-6.4919,3.1112,3.8473e-07
22,47,-2.3222,1.6677,-6.0823,2.6445,3.6361e-07
22,48,-2.3222,1.6677,-6.0779,0.47574,3.5671e-07
22,49,-2.3222,1.6677,-6.5641,0.25413,3.7582e-07
22,50,-2.3222,1.6677,-6.5411,1.3214,3.7786e-07
22,51,-2.3222,1.6677,-6.2728,0.78381,4.2838e-07
22,52,-2.3222,1.6677,-6.3483,2.1461,4.2551e-07
22,53,-2.3222,1.6677,-6.3853,1.3995,4.3483e-07
22,54,-2.3222,1.6677,-6.4686,1.6651,4.342e-07
22,55,-2.3222,1.6677,-6.8323,3.0988,3.9091e-07
22,56,-2.3222,1.6677,-6.7719,0.1916,3.9188e-07
22,57,-2.3222,1.6677,-6.1662,1.8883,4.319e-07
22,58,-2.3222,1.6677,-6.1615,0.78448,4.3693e-07
22,59,-2.3222,1.6677,-5.6626,1.5697,3.648e-07
22,60,-2.3222,1.6677,-6.1383,2.5785,3.6714e-07
22,61,-2.3222,1.6677,-6.4417,0.10916,3.8469e-07
22,62,-2.3222,1.6677,-6.4612,2.9936,3.836e-07
22,63,-2.3222,1.6677,-6.8065,2.9372,3.9432e-07
22,64,-2.3222,1.6677,-6.7499,0.36746,3.922e-07
23,24,-3.4608,1.9747,-3.9445,1.1964,-2.28e-09
23,25,-3.4608,1.9747,-1.971,1.1597,2.167e-08
23,26,-3.4608,1.9747,-1.6217,1.9558,1.1698e-07
23,27,-3.4608,1.9747,-4.0263,1.9147,1.7661e-07
23,28,-3.4608,1.9747,-0.46781,1.918,7.865e-08
23,29,-3.4608,1.9747,-1.7753,1.1736,4.76e-08
23,30,-3.4608,1.9747,-4.0864,1.2204,3.35e-09
23,31,-3.4608,1.9747,-3.7308,1.9383,1.7883e-07
23,32,-3.4608,1.9747,-2.8472,1.979,8.958e-08
23,33,-3.4608,1.9747,-2.5373,2.2849,3.0104e-07
23,34,-3.4608,1.9747,-0.85235,2.291,2.9391e-07
23,35,-3.4608,1.9747,-7.2003,0.46719,3.9107e-07
23,36,-3.4608,1.9747,-7.1357,2.8462,3.9269e-07
23,37,-3.4608,1.9747,-5.9264,0.29628,4.4172e-07
23,38,-3.4608,1.9747,-6.8305,1.4213,4.4462e-07
23,39,-3.4608,1.9747,-7.6573,1.0787,3.9587e-07
23,40,-3.4608,1.9747,-7.1797,2.0081,3.9457e-07
23,41,-3.4608,1.9747,-6.7558,0.071307,4.0498e-07
23,42,-3.4608,1.9747,-7.0942,2.5105,4.0373e-07
23,43,-3.4608,1.9747,-6.008,1.3141,2.5827e-07
23,44,-3.4608,1.9747,-5.9648,1.7855,2.7376e-07
23,45,-3.4608,1.9747,-6.5568,0.70734,4.0774e-07
23,46,-3.4608,1.9747,-6.4919,3.1112,3.8556e-07
23,47,-3.4608,1.9747,-6.0823,2.6445,3.7041e-07
23,48,-3.4608,1.9747,-6.0779,0.47574,3.6388e-07
23,49,-3.4608,1.9747,-6.5641,0.25413,3.7521e-07
23,50,-3.4608,1.9747,-6.5411,1.3214,3.7755e-07
23,51,-3.4608,1.9747,-6.2728,0.78381,4.2789e-07
23,52,-3.4608,1.9747,-6.3483,2.1461,4.2506e-07
23,53,-3.4608,1.9747,-6.3853,1.3995,4.3625e-07
23,54,-3.4608,1.9747,-6.4686,1.6651,4.3563e-07
23,55,-3.4608,1.9747,-6.8323,3.0988,3.935e-07
23,56,-3.4608,1.9747,-6.7719,0.1916,3.9463e-07
23,57,-3.4608,1.9747,-6.1662,1.8883,4.3253e-07
23,58,-3.4608,1.9747,-6.1615,0.78448,4.3759e-07
23,59,-3.4608,1.9747,-5.6626,1.5697,3.6938e-07
23,60,-3.4608,1.9747,-6.1383,2.5785,3.7504e-07
23,61,-3.4608,1.9747,-6.4417,0.10916,3.8503e-07
23,62,-3.4608,1.9747,-6.4612,2.9936,3.8417e-07
23,63,-3.4608,1.9747,-6.8065,2.9372,3.9666e-07
23,64,-3.4608,1.9747,-6.7499,0.36746,3.941e-07
24,25,-3.9445,1.1964,-1.971,1.1597,1.807e-07
24,26,-3.9445,1.1964,-1.6217,1.9558,2.426e-08
24,27,-3.9445,1.1964,-4.0263,1.9147,6.726e-08
24,28,-3.9445,1.1964,-0.46781,1.918,2.976e-08
24,29,-3.9445,1.1964,-1.7753,1.1736,2.0971e-07
24,30,-3.9445,1.1964,-4.0864,1.2204,1.2116e-07
24,31,-3.9445,1.1964,-3.7308,1.9383,6.596e-08
24,32,-3.9445,1.1964,-2.8472,1.979,2.908e-08
24,33,-3.9445,1.1964,-2.5373,2.2849,1.2969e-07
24,34,-3.9445,1.1964,-0.85235,2.291,1.1832e-07
24,35,-3.9445,1.1964,-7.2003,0.46719,3.921e-07
24,36,-3.9445,1.1964,-7.1357,2.8462,3.9199e-07
24,37,-3.9445,1.1964,-5.9264,0.29628,4.7907e-07
24,38,-3.9445,1.1964,-6.8305,1.4213,4.7824e-07
24,39,-3.9445,1.1964,-7.6573,1.0787,3.9261e-07
24,40,-3.9445,1.1964,-7.1797,2.0081,3.9354e-07
24,41,-3.9445,1.1964,-6.7558,0.071307,4.0674e-07
24,42,-3.9445,1.1964,-7.0942,2.5105,4.02e-07
24,43,-3.9445,1.1964,-6.008,1.3141,2.6507e-07
24,44,-3.9445,1.1964,-5.9648,1.7855,2.6758e-07
24,45,-3.9445,1.1964,-6.5568,0.70734,4.1008e-07
24,46,-3.9445,1.1964,-6.4919,3.1112,3.9841e-07
24,47,-3.9445,1.1964,-6.0823,2.6445,3.4101e-07
24,48,-3.9445,1.1964,-6.0779,0.47574,3.2746e-07
24,49,-3.9445,1.1964,-6.5641,0.25413,3.9703e-07
24,50,-3.9445,1.1964,-6.5411,1.3214,3.9572e-07
24,51,-3.9445,1.1964,-6.2728,0.78381,4.47e-07
24,52,-3.9445,1.1964,-6.3483,2.1461,4.4235e-07
24,53,-3.9445,1.1964,-6.3853,1.3995,4.4084e-07
24,54,-3.9445,1.1964,-6.4686,1.6651,4.3956e-07
24,55,-3.9445,1.1964,-6.8323,3.0988,3.9165e-07
24,56,-3.9445,1.1964,-6.7719,0.1916,3.905e-07
24,57,-3.9445,1.1964,-6.1662,1.8883,4.4449e-07
24,58,-3.9445,1.1964,-6.1615,0.78448,4.5065e-07
24,59,-3.9445,1.1964,-5.6626,1.5697,3.5573e-07
24,60,-3.9445,1.1964,-6.1383,2.5785,3.3962e-07
24,61,-3.9445,1.1964,-6.4417,0.10916,3.9985e-07
24,62,-3.9445,1.1964,-6.4612,2.9936,3.9924e-07
24,63,-3.9445,1.1964,-6.8065,2.9372,3.9765e-07
24,64,-3.9445,1.1964,-6.7499,0.36746,4.0082e-07
25,26,-1.971,1.1597,-1.6217,1.9558,4.33e-09
25,27,-1.971,1.1597,-4.0263,1.9147,5.161e-08
25,28,-1.971,1.1597,-0.46781,1.918,6.09e-09
25,29,-1.971,1.1597,-1.7753,1.1736,1.8083e-07
25,30,-1.971,1.1597,-4.0864,1.2204,9.033e-08
25,31,-1.971,1.1597,-3.7308,1.9383,5.043e-08
25,32,-1.971,1.1597,-2.8472,1.979,6.29e-09
25,33,-1.971,1.1597,-2.5373,2.2849,1.209e-07
25,34,-1.971,1.1597,-0.85235,2.291,1.0931e-07
25,35,-1.971,1.1597,-7.2003,0.46719,3.9483e-07
25,36,-1.971,1.1597,-7.1357,2.8462,3.9488e-07
25,37,-1.971,1.1597,-5.9264,0.29628,4.8364e-07
25,38,-1.971,1.1597,-6.8305,1.4213,4.8308e-07
25,39,-1.971,1.1597,-7.6573,1.0787,3.9573e-07
25,40,-1.971,1.1597,-7.1797,2.0081,3.9649e-07
25,41,-1.971,1.1597,-6.7558,0.071307,4.0946e-07
25,42,-1.971,1.1597,-7.0942,2.5105,4.0473e-07
25,43,-1.971,1.1597,-6.008,1.3141,2.6159e-07
25,44,-1.971,1.1597,-5.9648,1.7855,2.6539e-07
25,45,-1.971,1.1597,-6.5568,0.70734,4.1337e-07
25,46,-1.971,1.1597,-6.4919,3.1112,4.0033e-07
25,47,-1.971,1.1597,-6.0823,2.6445,3.4341e-07
25,48,-1.971,1.1597,-6.0779,0.47574,3.2965e-07
25,49,-1.971,1.1597,-6.5641,0.25413,3.9855e-07
25,50,-1.971,1.1597,-6.5411,1.3214,3.9749e-07
25,51,-1.971,1.1597,-6.2728,0.78381,4.5095e-07
25,52,-1.971,1.1597,-6.3483,2.1461,4.4616e-07
25,53,-1.971,1.1597,-6.3853,1.3995,4.4556e-07
25,54,-1.971,1.1597,-6.4686,1.6651,4.4425e-07
25,55,-1.971,1.1597,-6.8323,3.0988,3.9455e-07
25,56,-1.971,1.1597,-6.7719,0.1916,3.9352e-07
25,57,-1.971,1.1597,-6.1662,1.8883,4.4873e-07
25,58,-1.971,1.1597,-6.1615,0.78448,4.5516e-07
25,59,-1.971,1.1597,-5.6626,1.5697,3.5781e-07
25,60,-1.971,1.1597,-6.1383,2.5785,3.4253e-07
25,61,-1.971,1.1597,-6.4417,0.10916,4.0193e-07
25,62,-1.971,1.1597,-6.4612,2.9936,4.0125e-07
25,63,-1.971,1.1597,-6.8065,2.9372,4.0058e-07
25,64,-1.971,1.1597,-6.7499,0.36746,4.0344e-07
26,27,-1.6217,1.9558,-4.0263,1.9147,2.0705e-07
26,28,-1.6217,1.9558,-0.46781,1.918,1.106e-07
26,29,-1.6217,1.9558,-1.7753,1.1736,6.601e-08
26,30,-1.6217,1.9558,-4.0864,1.2204,2.841e-08
26,31,-1.6217,1.9558,-3.7308,1.9383,2.0941e-07
26,32,-1.6217,1.9558,-2.8472,1.979,1.2178e-07
26,33,-1.6217,1.9558,-2.5373,2.2849,3.2964e-07
26,34,-1.6217,1.9558,-0.85235,2.291,3.2317e-07
26,35,-1.6217,1.9558,-7.2003,0.46719,3.9382e-07
26,36,-1.6217,1.9558,-7.1357,2.8462,3.9553e-07
26,37,-1.6217,1.9558,-5.9264,0.29628,4.3951e-07
26,38,-1.6217,1.9558,-6.8305,1.4213,4.4249e-07
26,39,-1.6217,1.9558,-7.6573,1.0787,3.9868e-07
26,40,-1.6217,1.9558,-7.1797,2.0081,3.9723e-07
26,41,-1.6217,1.9558,-6.7558,0.071307,4.0773e-07
26,42,-1.6217,1.9558,-7.0942,2.5105,4.0672e-07
26,43,-1.6217,1.9558,-6.008,1.3141,2.6632e-07
26,44,-1.6217,1.9558,-5.9648,1.7855,2.8196e-07
26,45,-1.6217,1.9558,-6.5568,0.70734,4.0992e-07
26,46,-1.6217,1.9558,-6.4919,3.1112,3.8805e-07
26,47,-1.6217,1.9558,-6.0823,2.6445,3.7605e-07
26,48,-1.6217,1.9558,-6.0779,0.47574,3.7048e-07
26,49,-1.6217,1.9558,-6.5641,0.25413,3.7741e-07
26,50,-1.6217,1.9558,-6.5411,1.3214,3.7989e-07
26,51,-1.6217,1.9558,-6.2728,0.78381,4.2802e-07
26,52,-1.6217,1.9558,-6.3483,2.1461,4.2552e-07
26,53,-1.6217,1.9558,-6.3853,1.3995,4.3689e-07
26,54,-1.6217,1.9558,-6.4686,1.6651,4.3637e-07
26,55,-1.6217,1.9558,-6.8323,3.0988,3.9641e-07
26,56,-1.6217,1.9558,-6.7719,0.1916,3.9765e-07
26,57,-1.6217,1.9558,-6.1662,1.8883,4.3291e-07
26,58,-1.6217,1.9558,-6.1615,0.78448,4.3758e-07
26,59,-1.6217,1.9558,-5.6626,1.5697,3.7397e-07
26,60,-1.6217,1.9558,-6.1383,2.5785,3.8061e-07
26,61,-1.6217,1.9558,-6.4417,0.10916,3.8728e-07
26,62,-1.6217,1.9558,-6.4612,2.9936,3.864e-07
26,63,-1.6217,1.9558,-6.8065,2.9372,3.9924e-07
26,64,-1.6217,1.9558,-6.7499,0.36746,3.9637e-07
27,28,-4.0263,1.9147,-0.46781,1.918,5.088e-08
27,29,-4.0263,1.9147,-1.7753,1.1736,5.824e-08
27,30,-4.0263,1.9147,-4.0864,1.2204,1.47e-09
27,31,-4.0263,1.9147,-3.7308,1.9383,1.4412e-07
27,32,-4.0263,1.9147,-2.8472,1.979,6.011e-08
27,33,-4.0263,1.9147,-2.5373,2.2849,2.6197e-07
27,34,-4.0263,1.9147,-0.85235,2.291,2.5367e-07
27,35,-4.0263,1.9147,-7.2003,0.46719,3.981e-07
27,36,-4.0263,1.9147,-7.1357,2.8462,3.9929e-07
27,37,-4.0263,1.9147,-5.9264,0.29628,4.5795e-07
27,38,-4.0263,1.9147,-6.8305,1.4213,4.6038e-07
27,39,-4.0263,1.9147,-7.6573,1.0787,4.0226e-07
27,40,-4.0263,1.9147,-7.1797,2.0081,4.0151e-07
27,41,-4.0263,1.9147,-6.7558,0.071307,4.12e-07
27,42,-4.0263,1.9147,-7.0942,2.5105,4.1018e-07
27,43,-4.0263,1.9147,-6.008,1.3141,2.608e-07
27,44,-4.0263,1.9147,-5.9648,1.7855,2.7434e-07
27,45,-4.0263,1.9147,-6.5568,0.70734,4.1541e-07
27,46,-4.0263,1.9147,-6.4919,3.1112,3.9423e-07
27,47,-4.0263,1.9147,-6.0823,2.6445,3.7099e-07
27,48,-4.0263,1.9147,-6.0779,0.47574,3.6256e-07
27,49,-4.0263,1.9147,-6.5641,0.25413,3.8511e-07
27,50,-4.0263,1.9147,-6.5411,1.3214,3.868e-07
27,51,-4.0263,1.9147,-6.2728,0.78381,4.3953e-07
27,52,-4.0263,1.9147,-6.3483,2.1461,4.361e-07
27,53,-4.0263,1.9147,-6.3853,1.3995,4.457e-07
27,54,-4.0263,1.9147,-6.4686,1.6651,4.4488e-07
27,55,-4.0263,1.9147,-6.8323,3.0988,3.9997e-07
27,56,-4.0263,1.9147,-6.7719,0.1916,4.0065e-07
27,57,-4.0263,1.9147,-6.1662,1.8883,4.432e-07
27,58,-4.0263,1.9147,-6.1615,0.78448,4.4882e-07
27,59,-4.0263,1.9147,-5.6626,1.5697,3.7288e-07
27,60,-4.0263,1.9147,-6.1383,2.5785,3.7514e-07
27,61,-4.0263,1.9147,-6.4417,0.10916,3.9408e-07
27,62,-4.0263,1.9147,-6.4612,2.9936,3.9339e-07
27,63,-4.0263,1.9147,-6.8065,2.9372,4.0386e-07
27,64,-4.0263,1.9147,-6.7499,0.36746,4.0238e-07
28,29,-0.46781,1.918,-1.7753,1.1736,8.998e-08
28,30,-0.46781,1.918,-4.0864,1.2204,5.764e-08
28,31,-0.46781,1.918,-3.7308,1.9383,2.358e-07
28,32,-0.46781,1.918,-2.8472,1.979,1.5172e-07
28,33,-0.46781,1.918,-2.5373,2.2849,3.5217e-07
28,34,-0.46781,1.918,-0.85235,2.291,3.4619e-07
28,35,-0.46781,1.918,-7.2003,0.46719,3.9783e-07
28,36,-0.46781,1.918,-7.1357,2.8462,3.9955e-07
28,37,-0.46781,1.918,-5.9264,0.29628,4.3998e-07
28,38,-0.46781,1.918,-6.8305,1.4213,4.429e-07
28,39,-0.46781,1.918,-7.6573,1.0787,4.0259e-07
28,40,-0.46781,1.918,-7.1797,2.0081,4.011e-07
28,41,-0.46781,1.918,-6.7558,0.071307,4.1175e-07
28,42,-0.46781,1.918,-7.0942,2.5105,4.1086e-07
28,43,-0.46781,1.918,-6.008,1.3141,2.7553e-07
28,44,-0.46781,1.918,-5.9648,1.7855,2.9087e-07
28,45,-0.46781,1.918,-6.5568,0.70734,4.1343e-07
28,46,-0.46781,1.918,-6.4919,3.1112,3.9222e-07
28,47,-0.46781,1.918,-6.0823,2.6445,3.8174e-07
28,48,-0.46781,1.918,-6.0779,0.47574,3.7688e-07
28,49,-0.46781,1.918,-6.5641,0.25413,3.8158e-07
28,50,-0.46781,1.918,-6.5411,1.3214,3.8408e-07
28,51,-0.46781,1.918,-6.2728,0.78381,4.3014e-07
28,52,-0.46781,1.918,-6.3483,2.1461,4.2791e-07
28,53,-0.46781,1.918,-6.3853,1.3995,4.3902e-07
28,54,-0.46781,1.918,-6.4686,1.6651,4.3856e-07
28,55,-0.46781,1.918,-6.8323,3.0988,4.0045e-07
28,56,-0.46781,1.918,-6.7719,0.1916,4.0172e-07
28,57,-0.46781,1.918,-6.1662,1.8883,4.3506e-07
28,58,-0.46781,1.918,-6.1615,0.78448,4.394e-07
28,59,-0.46781,1.918,-5.6626,1.5697,3.7924e-07
28,60,-0.46781,1.918,-6.1383,2.5785,3.8606e-07
28,61,-0.46781,1.918,-6.4417,0.10916,3.9127e-07
28,62,-0.46781,1.918,-6.4612,2.9936,3.9039e-07
28,63,-0.46781,1.918,-6.8065,2.9372,4.0309e-07
28,64,-0.46781,1.918,-6.7499,0.36746,4.0011e-07
29,30,-1.7753,1.1736,-4.0864,1.2204,6.537e-08
29,31,-1.7753,1.1736,-3.7308,1.9383,5.733e-08
29,32,-1.7753,1.1736,-2.8472,1.979,3.16e-09
29,33,-1.7753,1.1736,-2.5373,2.2849,1.3647e-07
29,34,-1.7753,1.1736,-0.85235,2.291,1.2532e-07
29,35,-1.7753,1.1736,-7.2003,0.46719,3.9831e-07
29,36,-1.7753,1.1736,-7.1357,2.8462,3.9878e-07
29,37,-1.7753,1.1736,-5.9264,0.29628,4.8422e-07
29,38,-1.7753,1.1736,-6.8305,1.4213,4.8421e-07
29,39,-1.7753,1.1736,-7.6573,1.0787,3.9995e-07
29,40,-1.7753,1.1736,-7.1797,2.0081,4.0023e-07
29,41,-1.7753,1.1736,-6.7558,0.071307,4.1296e-07
29,42,-1.7753,1.1736,-7.0942,2.5105,4.0851e-07
29,43,-1.7753,1.1736,-6.008,1.3141,2.6126e-07
29,44,-1.7753,1.1736,-5.9648,1.7855,2.6731e-07
29,45,-1.7753,1.1736,-6.5568,0.70734,4.171e-07
29,46,-1.7753,1.1736,-6.4919,3.1112,4.0218e-07
29,47,-1.7753,1.1736,-6.0823,2.6445,3.4983e-07
29,48,-1.7753,1.1736,-6.0779,0.47574,3.3685e-07
29,49,-1.7753,1.1736,-6.5641,0.25413,3.9943e-07
29,50,-1.7753,1.1736,-6.5411,1.3214,3.9894e-07
29,51,-1.7753,1.1736,-6.2728,0.78381,4.5334e-07
29,52,-1.7753,1.1736,-6.3483,2.1461,4.4871e-07
29,53,-1.7753,1.1736,-6.3853,1.3995,4.498e-07
29,54,-1.7753,1.1736,-6.4686,1.6651,4.4857e-07
29,55,-1.7753,1.1736,-6.8323,3.0988,3.985e-07
29,56,-1.7753,1.1736,-6.7719,0.1916,3.9784e-07
29,57,-1.7753,1.1736,-6.1662,1.8883,4.5187e-07
29,58,-1.7753,1.1736,-6.1615,0.78448,4.5827e-07
29,59,-1.7753,1.1736,-5.6626,1.5697,3.6243e-07
29,60,-1.7753,1.1736,-6.1383,2.5785,3.4967e-07
29,61,-1.7753,1.1736,-6.4417,0.10916,4.038e-07
29,62,-1.7753,1.1736,-6.4612,2.9936,4.0291e-07
29,63,-1.7753,1.1736,-6.8065,2.9372,4.0418e-07
29,64,-1.7753,1.1736,-6.7499,0.36746,4.0617e-07
30,31,-4.0864,1.2204,-3.7308,1.9383,8.897e-08
30,32,-4.0864,1.2204,-2.8472,1.979,5.704e-08
30,33,-4.0864,1.2204,-2.5373,2.2849,1.4874e-07
30,34,-4.0864,1.2204,-0.85235,2.291,1.376e-07
30,35,-4.0864,1.2204,-7.2003,0.46719,3.986e-07
30,36,-4.0864,1.2204,-7.1357,2.8462,3.9841e-07
30,37,-4.0864,1.2204,-5.9264,0.29628,4.8334e-07
30,38,-4.0864,1.2204,-6.8305,1.4213,4.8234e-07
30,39,-4.0864,1.2204,-7.6573,1.0787,3.989e-07
30,40,-4.0864,1.2204,-7.1797,2.0081,3.999e-07
30,41,-4.0864,1.2204,-6.7558,0.071307,4.1324e-07
30,42,-4.0864,1.2204,-7.0942,2.5105,4.0857e-07
30,43,-4.0864,1.2204,-6.008,1.3141,2.7632e-07
30,44,-4.0864,1.2204,-5.9648,1.7855,2.7807e-07
30,45,-4.0864,1.2204,-6.5568,0.70734,4.1613e-07
30,46,-4.0864,1.2204,-6.4919,3.1112,4.0529e-07
30,47,-4.0864,1.2204,-6.0823,2.6445,3.4842e-07
30,48,-4.0864,1.2204,-6.0779,0.47574,3.352e-07
30,49,-4.0864,1.2204,-6.5641,0.25413,4.0404e-07
30,50,-4.0864,1.2204,-6.5411,1.3214,4.0262e-07
30,51,-4.0864,1.2204,-6.2728,0.78381,4.5216e-07
30,52,-4.0864,1.2204,-6.3483,2.1461,4.4769e-07
30,53,-4.0864,1.2204,-6.3853,1.3995,4.4571e-07
30,54,-4.0864,1.2204,-6.4686,1.6651,4.4448e-07
30,55,-4.0864,1.2204,-6.8323,3.0988,3.9809e-07
30,56,-4.0864,1.2204,-6.7719,0.1916,3.9689e-07
30,57,-4.0864,1.2204,-6.1662,1.8883,4.4957e-07
30,58,-4.0864,1.2204,-6.1615,0.78448,4.5549e-07
30,59,-4.0864,1.2204,-5.6626,1.5697,3.6306e-07
30,60,-4.0864,1.2204,-6.1383,2.5785,3.4673e-07
30,61,-4.0864,1.2204,-6.4417,0.10916,4.0657e-07
30,62,-4.0864,1.2204,-6.4612,2.9936,4.06e-07
30,63,-4.0864,1.2204,-6.8065,2.9372,4.0398e-07
30,64,-4.0864,1.2204,-6.7499,0.36746,4.0728e-07
31,32,-3.7308,1.9383,-2.8472,1.979,6.897e-08
31,33,-3.7308,1.9383,-2.5373,2.2849,2.735e-07
31,34,-3.7308,1.9383,-0.85235,2.291,2.6549e-07
31,35,-3.7308,1.9383,-7.2003,0.46719,3.9795e-07
31,36,-3.7308,1.9383,-7.1357,2.8462,3.9923e-07
31,37,-3.7308,1.9383,-5.9264,0.29628,4.5552e-07
31,38,-3.7308,1.9383,-6.8305,1.4213,4.5807e-07
31,39,-3.7308,1.9383,-7.6573,1.0787,4.0227e-07
31,40,-3.7308,1.9383,-7.1797,2.0081,4.0139e-07
31,41,-3.7308,1.9383,-6.7558,0.071307,4.1184e-07
31,42,-3.7308,1.9383,-7.0942,2.5105,4.1017e-07
31,43,-3.7308,1.9383,-6.008,1.3141,2.6176e-07
31,44,-3.7308,1.9383,-5.9648,1.7855,2.7578e-07
31,45,-3.7308,1.9383,-6.5568,0.70734,4.1509e-07
31,46,-3.7308,1.9383,-6.4919,3.1112,3.9365e-07
31,47,-3.7308,1.9383,-6.0823,2.6445,3.7249e-07
31,48,-3.7308,1.9383,-6.0779,0.47574,3.645e-07
31,49,-3.7308,1.9383,-6.5641,0.25413,3.8421e-07
31,50,-3.7308,1.9383,-6.5411,1.3214,3.8605e-07
31,51,-3.7308,1.9383,-6.2728,0.78381,4.3821e-07
31,52,-3.7308,1.9383,-6.3483,2.1461,4.3491e-07
31,53,-3.7308,1.9383,-6.3853,1.3995,4.4494e-07
31,54,-3.7308,1.9383,-6.4686,1.6651,4.4416e-07
31,55,-3.7308,1.9383,-6.8323,3.0988,3.9995e-07
31,56,-3.7308,1.9383,-6.7719,0.1916,4.0074e-07
31,57,-3.7308,1.9383,-6.1662,1.8883,4.4213e-07
31,58,-3.7308,1.9383,-6.1615,0.78448,4.4762e-07
31,59,-3.7308,1.9383,-5.6626,1.5697,3.7363e-07
31,60,-3.7308,1.9383,-6.1383,2.5785,3.7678e-07
31,61,-3.7308,1.9383,-6.4417,0.10916,3.934e-07
31,62,-3.7308,1.9383,-6.4612,2.9936,3.9268e-07
31,63,-3.7308,1.9383,-6.8065,2.9372,4.0367e-07
31,64,-3.7308,1.9383,-6.7499,0.36746,4.0193e-07
32,33,-2.8472,1.979,-2.5373,2.2849,3.5623e-07
32,34,-2.8472,1.979,-0.85235,2.291,3.5033e-07
32,35,-2.8472,1.979,-7.2003,0.46719,3.9772e-07
32,36,-2.8472,1.979,-7.1357,2.8462,3.9946e-07
32,37,-2.8472,1.979,-5.9264,0.29628,4.3909e-07
32,38,-2.8472,1.979,-6.8305,1.4213,4.4207e-07
32,39,-2.8472,1.979,-7.6573,1.0787,4.0253e-07
32,40,-2.8472,1.979,-7.1797,2.0081,4.0101e-07
32,41,-2.8472,1.979,-6.7558,0.071307,4.1162e-07
32,42,-2.8472,1.979,-7.0942,2.5105,4.108e-07
32,43,-2.8472,1.979,-6.008,1.3141,2.7572e-07
32,44,-2.8472,1.979,-5.9648,1.7855,2.9123e-07
32,45,-2.8472,1.979,-6.5568,0.70734,4.1324e-07
32,46,-2.8472,1.979,-6.4919,3.1112,3.9192e-07
32,47,-2.8472,1.979,-6.0823,2.6445,3.8225e-07
32,48,-2.8472,1.979,-6.0779,0.47574,3.775e-07
32,49,-2.8472,1.979,-6.5641,0.25413,3.8113e-07
32,50,-2.8472,1.979,-6.5411,1.3214,3.8368e-07
32,51,-2.8472,1.979,-6.2728,0.78381,4.2959e-07
32,52,-2.8472,1.979,-6.3483,2.1461,4.2738e-07
32,53,-2.8472,1.979,-6.3853,1.3995,4.3869e-07
32,54,-2.8472,1.979,-6.4686,1.6651,4.3824e-07
32,55,-2.8472,1.979,-6.8323,3.0988,4.0038e-07
32,56,-2.8472,1.979,-6.7719,0.1916,4.0168e-07
32,57,-2.8472,1.979,-6.1662,1.8883,4.3463e-07
32,58,-2.8472,1.979,-6.1615,0.78448,4.3894e-07
32,59,-2.8472,1.979,-5.6626,1.5697,3.7946e-07
32,60,-2.8472,1.979,-6.1383,2.5785,3.8666e-07
32,61,-2.8472,1.979,-6.4417,0.10916,3.9092e-07
32,62,-2.8472,1.979,-6.4612,2.9936,3.9006e-07
32,63,-2.8472,1.979,-6.8065,2.9372,4.0296e-07
32,64,-2.8472,1.979,-6.7499,0.36746,3.9991e-07
33,34,-2.5373,2.2849,-0.85235,2.291,4.6342e-07
33,35,-2.5373,2.2849,-7.2003,0.46719,3.9578e-07
33,36,-2.5373,2.2849,-7.1357,2.8462,3.9746e-07
33,37,-2.5373,2.2849,-5.9264,0.29628,4.1699e-07
33,38,-2.5373,2.2849,-6.8305,1.4213,4.2075e-07
33,39,-2.5373,2.2849,-7.6573,1.0787,4.0081e-07
33,40,-2.5373,2.2849,-7.1797,2.0081,3.9916e-07
33,41,-2.5373,2.2849,-6.7558,0.071307,4.0929e-07
33,42,-2.5373,2.2849,-7.0942,2.5105,4.0995e-07
33,43,-2.5373,2.2849,-6.008,1.3141,2.936e-07
33,44,-2.5373,2.2849,-5.9648,1.7855,3.1005e-07
33,45,-2.5373,2.2849,-6.5568,0.70734,4.0869e-07
33,46,-2.5373,2.2849,-6.4919,3.1112,3.8794e-07
33,47,-2.5373,2.2849,-6.0823,2.6445,3.9399e-07
33,48,-2.5373,2.2849,-6.0779,0.47574,3.9215e-07
33,49,-2.5373,2.2849,-6.5641,0.25413,3.7498e-07
33,50,-2.5373,2.2849,-6.5411,1.3214,3.7811e-07
33,51,-2.5373,2.2849,-6.2728,0.78381,4.1595e-07
33,52,-2.5373,2.2849,-6.3483,2.1461,4.1465e-07
33,53,-2.5373,2.2849,-6.3853,1.3995,4.2806e-07
33,54,-2.5373,2.2849,-6.4686,1.6651,4.2785e-07
33,55,-2.5373,2.2849,-6.8323,3.0988,3.9891e-07
33,56,-2.5373,2.2849,-6.7719,0.1916,4.0059e-07
33,57,-2.5373,2.2849,-6.1662,1.8883,4.2265e-07
33,58,-2.5373,2.2849,-6.1615,0.78448,4.2593e-07
33,59,-2.5373,2.2849,-5.6626,1.5697,3.8575e-07
33,60,-2.5373,2.2849,-6.1383,2.5785,3.9916e-07
33,61,-2.5373,2.2849,-6.4417,0.10916,3.856e-07
33,62,-2.5373,2.2849,-6.4612,2.9936,3.8508e-07
33,63,-2.5373,2.2849,-6.8065,2.9372,4.0029e-07
33,64,-2.5373,2.2849,-6.7499,0.36746,3.9613e-07
34,35,-0.85235,2.291,-7.2003,0.46719,3.958e-07
34,36,-0.85235,2.291,-7.1357,2.8462,3.9744e-07
34,37,-0.85235,2.291,-5.9264,0.29628,4.1658e-07
34,38,-0.85235,2.291,-6.8305,1.4213,4.2026e-07
34,39,-0.85235,2.291,-7.6573,1.0787,4.007e-07
34,40,-0.85235,2.291,-7.1797,2.0081,3.991e-07
34,41,-0.85235,2.291,-6.7558,0.071307,4.0932e-07
34,42,-0.85235,2.291,-7.0942,2.5105,4.0996e-07
34,43,-0.85235,2.291,-6.008,1.3141,2.9568e-07
34,44,-0.85235,2.291,-5.9648,1.7855,3.1169e-07
34,45,-0.85235,2.291,-6.5568,0.70734,4.0854e-07
34,46,-0.85235,2.291,-6.4919,3.1112,3.8824e-07
34,47,-0.85235,2.291,-6.0823,2.6445,3.9406e-07
34,48,-0.85235,2.291,-6.0779,0.47574,3.9224e-07
34,49,-0.85235,2.291,-6.5641,0.25413,3.7547e-07
34,50,-0.85235,2.291,-6.5411,1.3214,3.7852e-07
34,51,-0.85235,2.291,-6.2728,0.78381,4.1564e-07
34,52,-0.85235,2.291,-6.3483,2.1461,4.1436e-07
34,53,-0.85235,2.291,-6.3853,1.3995,4.2745e-07
34,54,-0.85235,2.291,-6.4686,1.6651,4.2725e-07
34,55,-0.85235,2.291,-6.8323,3.0988,3.9887e-07
34,56,-0.85235,2.291,-6.7719,0.1916,4.0052e-07
34,57,-0.85235,2.291,-6.1662,1.8883,4.222e-07
34,58,-0.85235,2.291,-6.1615,0.78448,4.2539e-07
34,59,-0.85235,2.291,-5.6626,1.5697,3.8594e-07
34,60,-0.85235,2.291,-6.1383,2.5785,3.9903e-07
34,61,-0.85235,2.291,-6.4417,0.10916,3.8588e-07
34,62,-0.85235,2.291,-6.4612,2.9936,3.8538e-07
34,63,-0.85235,2.291,-6.8065,2.9372,4.0025e-07
34,64,-0.85235,2.291,-6.7499,0.36746,3.962e-07
35,36,-7.2003,0.46719,-7.1357,2.8462,1.251e-07
35,37,-7.2003,0.46719,-5.9264,0.29628,1.2119e-07
35,38,-7.2003,0.46719,-6.8305,1.4213,1.2147e-07
35,39,-7.2003,0.46719,-7.6573,1.0787,1.2401e-07
35,40,-7.2003,0.46719,-7.1797,2.0081,1.2392e-07
35,41,-7.2003,0.46719,-6.7558,0.071307,1.3933e-07
35,42,-7.2003,0.46719,-7.0942,2.5105,1.3928e-07
35,43,-7.2003,0.46719,-6.008,1.3141,1.2337e-07
35,44,-7.2003,0.46719,-5.9648,1.7855,1.235e-07
35,45,-7.2003,0.46719,-6.5568,0.70734,1.2943e-07
35,46,-7.2003,0.46719,-6.4919,3.1112,1.2935e-07
35,47,-7.2003,0.46719,-6.0823,2.6445,1.2941e-07
35,48,-7.2003,0.46719,-6.0779,0.47574,1.2941e-07
35,49,-7.2003,0.46719,-6.5641,0.25413,1.2499e-07
35,50,-7.2003,0.46719,-6.5411,1.3214,1.2507e-07
35,51,-7.2003,0.46719,-6.2728,0.78381,1.268e-07
35,52,-7.2003,0.46719,-6.3483,2.1461,1.268e-07
35,53,-7.2003,0.46719,-6.3853,1.3995,1.2515e-07
35,54,-7.2003,0.46719,-6.4686,1.6651,1.2519e-07
35,55,-7.2003,0.46719,-6.8323,3.0988,1.2586e-07
35,56,-7.2003,0.46719,-6.7719,0.1916,1.259e-07
35,57,-7.2003,0.46719,-6.1662,1.8883,1.2606e-07
35,58,-7.2003,0.46719,-6.1615,0.78448,1.2606e-07
35,59,-7.2003,0.46719,-5.6626,1.5697,1.2506e-07
35,60,-7.2003,0.46719,-6.1383,2.5785,1.2484e-07
35,61,-7.2003,0.46719,-6.4417,0.10916,1.2616e-07
35,62,-7.2003,0.46719,-6.4612,2.9936,1.2611e-07
35,63,-7.2003,0.46719,-6.8065,2.9372,1.2601e-07
35,64,-7.2003,0.46719,-6.7499,0.36746,1.2594e-07
36,37,-7.1357,2.8462,-5.9264,0.29628,1.2133e-07
36,38,-7.1357,2.8462,-6.8305,1.4213,1.2165e-07
36,39,-7.1357,2.8462,-7.6573,1.0787,1.2394e-07
36,40,-7.1357,2.8462,-7.1797,2.0081,1.2399e-07
36,41,-7.1357,2.8462,-6.7558,0.071307,1.393e-07
36,42,-7.1357,2.8462,-7.0942,2.5105,1.393e-07
36,43,-7.1357,2.8462,-6.008,1.3141,1.2365e-07
36,44,-7.1357,2.8462,-5.9648,1.7855,1.2357e-07
36,45,-7.1357,2.8462,-6.5568,0.70734,1.2937e-07
36,46,-7.1357,2.8462,-6.4919,3.1112,1.2946e-07
36,47,-7.1357,2.8462,-6.0823,2.6445,1.2931e-07
36,48,-7.1357,2.8462,-6.0779,0.47574,1.2919e-07
36,49,-7.1357,2.8462,-6.5641,0.25413,1.2505e-07
36,50,-7.1357,2.8462,-6.5411,1.3214,1.2505e-07
36,51,-7.1357,2.8462,-6.2728,0.78381,1.2679e-07
36,52,-7.1357,2.8462,-6.3483,2.1461,1.2673e-07
36,53,-7.1357,2.8462,-6.3853,1.3995,1.2506e-07
36,54,-7.1357,2.8462,-6.4686,1.6651,1.2505e-07
36,55,-7.1357,2.8462,-6.8323,3.0988,1.2581e-07
36,56,-7.1357,2.8462,-6.7719,0.1916,1.2577e-07
36,57,-7.1357,2.8462,-6.1662,1.8883,1.261e-07
36,58,-7.1357,2.8462,-6.1615,0.78448,1.2615e-07
36,59,-7.1357,2.8462,-5.6626,1.5697,1.2509e-07
36,60,-7.1357,2.8462,-6.1383,2.5785,1.2484e-07
36,61,-7.1357,2.8462,-6.4417,0.10916,1.2618e-07
36,62,-7.1357,2.8462,-6.4612,2.9936,1.2625e-07
36,63,-7.1357,2.8462,-6.8065,2.9372,1.2604e-07
36,64,-7.1357,2.8462,-6.7499,0.36746,1.2608e-07
37,38,-5.9264,0.29628,-6.8305,1.4213,1.1434e-07
37,39,-5.9264,0.29628,-7.6573,1.0787,1.1965e-07
37,40,-5.9264,0.29628,-7.1797,2.0081,1.2005e-07
37,41,-5.9264,0.29628,-6.7558,0.071307,1.3605e-07
37,42,-5.9264,0.29628,-7.0942,2.5105,1.3588e-07
37,43,-5.9264,0.29628,-6.008,1.3141,1.3649e-07
37,44,-5.9264,0.29628,-5.9648,1.7855,1.3333e-07
37,45,-5.9264,0.29628,-6.5568,0.70734,1.2481e-07
37,46,-5.9264,0.29628,-6.4919,3.1112,1.2848e-07
37,47,-5.9264,0.29628,-6.0823,2.6445,1.2629e-07
37,48,-5.9264,0.29628,-6.0779,0.47574,1.264e-07
37,49,-5.9264,0.29628,-6.5641,0.25413,1.2555e-07
37,50,-5.9264,0.29628,-6.5411,1.3214,1.2496e-07
37,51,-5.9264,0.29628,-6.2728,0.78381,1.2088e-07
37,52,-5.9264,0.29628,-6.3483,2.1461,1.2103e-07
37,53,-5.9264,0.29628,-6.3853,1.3995,1.1684e-07
37,54,-5.9264,0.29628,-6.4686,1.6651,1.1684e-07
37,55,-5.9264,0.29628,-6.8323,3.0988,1.2214e-07
37,56,-5.9264,0.29628,-6.7719,0.1916,1.2177e-07
37,57,-5.9264,0.29628,-6.1662,1.8883,1.1897e-07
37,58,-5.9264,0.29628,-6.1615,0.78448,1.1847e-07
37,59,-5.9264,0.29628,-5.6626,1.5697,1.2299e-07
37,60,-5.9264,0.29628,-6.1383,2.5785,1.202e-07
37,61,-5.9264,0.29628,-6.4417,0.10916,1.2503e-07
37,62,-5.9264,0.29628,-6.4612,2.9936,1.2523e-07
37,63,-5.9264,0.29628,-6.8065,2.9372,1.2227e-07
37,64,-5.9264,0.29628,-6.7499,0.36746,1.2312e-07
38,39,-6.8305,1.4213,-7.6573,1.0787,1.1993e-07
38,40,-6.8305,1.4213,-7.1797,2.0081,1.203e-07
38,41,-6.8305,1.4213,-6.7558,0.071307,1.3576e-07
38,42,-6.8305,1.4213,-7.0942,2.5105,1.3555e-07
38,43,-6.8305,1.4213,-6.008,1.3141,1.3671e-07
38,44,-6.8305,1.4213,-5.9648,1.7855,1.3343e-07
38,45,-6.8305,1.4213,-6.5568,0.70734,1.2521e-07
38,46,-6.8305,1.4213,-6.4919,3.1112,1.2887e-07
38,47,-6.8305,1.4213,-6.0823,2.6445,1.2609e-07
38,48,-6.8305,1.4213,-6.0779,0.47574,1.2641e-07
38,49,-6.8305,1.4213,-6.5641,0.25413,1.2623e-07
38,50,-6.8305,1.4213,-6.5411,1.3214,1.2546e-07
38,51,-6.8305,1.4213,-6.2728,0.78381,1.208e-07
38,52,-6.8305,1.4213,-6.3483,2.1461,1.211e-07
38,53,-6.8305,1.4213,-6.3853,1.3995,1.1728e-07
38,54,-6.8305,1.4213,-6.4686,1.6651,1.1726e-07
38,55,-6.8305,1.4213,-6.8323,3.0988,1.2243e-07
38,56,-6.8305,1.4213,-6.7719,0.1916,1.2209e-07
38,57,-6.8305,1.4213,-6.1662,1.8883,1.189e-07
38,58,-6.8305,1.4213,-6.1615,0.78448,1.1827e-07
38,59,-6.8305,1.4213,-5.6626,1.5697,1.224e-07
38,60,-6.8305,1.4213,-6.1383,2.5785,1.1981e-07
38,61,-6.8305,1.4213,-6.4417,0.10916,1.2562e-07
38,62,-6.8305,1.4213,-6.4612,2.9936,1.2562e-07
38,63,-6.8305,1.4213,-6.8065,2.9372,1.2257e-07
38,64,-6.8305,1.4213,-6.7499,0.36746,1.2349e-07
39,40,-7.6573,1.0787,-7.1797,2.0081,1.234e-07
39,41,-7.6573,1.0787,-6.7558,0.071307,1.3818e-07
39,42,-7.6573,1.0787,-7.0942,2.5105,1.3826e-07
39,43,-7.6573,1.0787,-6.008,1.3141,1.2385e-07
39,44,-7.6573,1.0787,-5.9648,1.7855,1.2373e-07
39,45,-7.6573,1.0787,-6.5568,0.70734,1.2864e-07
39,46,-7.6573,1.0787,-6.4919,3.1112,1.2876e-07
39,47,-7.6573,1.0787,-6.0823,2.6445,1.2913e-07
39,48,-7.6573,1.0787,-6.0779,0.47574,1.2922e-07
39,49,-7.6573,1.0787,-6.5641,0.25413,1.2431e-07
39,50,-7.6573,1.0787,-6.5411,1.3214,1.2424e-07
39,51,-7.6573,1.0787,-6.2728,0.78381,1.2521e-07
39,52,-7.6573,1.0787,-6.3483,2.1461,1.2524e-07
39,53,-7.6573,1.0787,-6.3853,1.3995,1.2408e-07
39,54,-7.6573,1.0787,-6.4686,1.6651,1.2405e-07
39,55,-7.6573,1.0787,-6.8323,3.0988,1.2518e-07
39,56,-7.6573,1.0787,-6.7719,0.1916,1.2516e-07
39,57,-7.6573,1.0787,-6.1662,1.8883,1.2467e-07
39,58,-7.6573,1.0787,-6.1615,0.78448,1.2464e-07
39,59,-7.6573,1.0787,-5.6626,1.5697,1.2431e-07
39,60,-7.6573,1.0787,-6.1383,2.5785,1.2469e-07
39,61,-7.6573,1.0787,-6.4417,0.10916,1.2546e-07
39,62,-7.6573,1.0787,-6.4612,2.9936,1.2552e-07
39,63,-7.6573,1.0787,-6.8065,2.9372,1.2539e-07
39,64,-7.6573,1.0787,-6.7499,0.36746,1.2543e-07
40,41,-7.1797,2.0081,-6.7558,0.071307,1.3821e-07
40,42,-7.1797,2.0081,-7.0942,2.5105,1.3826e-07
40,43,-7.1797,2.0081,-6.008,1.3141,1.237e-07
40,44,-7.1797,2.0081,-5.9648,1.7855,1.2382e-07
40,45,-7.1797,2.0081,-6.5568,0.70734,1.2868e-07
40,46,-7.1797,2.0081,-6.4919,3.1112,1.2862e-07
40,47,-7.1797,2.0081,-6.0823,2.6445,1.2935e-07
40,48,-7.1797,2.0081,-6.0779,0.47574,1.2959e-07
40,49,-7.1797,2.0081,-6.5641,0.25413,1.242e-07
40,50,-7.1797,2.0081,-6.5411,1.3214,1.2422e-07
40,51,-7.1797,2.0081,-6.2728,0.78381,1.2513e-07
40,52,-7.1797,2.0081,-6.3483,2.1461,1.2523e-07
40,53,-7.1797,2.0081,-6.3853,1.3995,1.241e-07
40,54,-7.1797,2.0081,-6.4686,1.6651,1.2412e-07
40,55,-7.1797,2.0081,-6.8323,3.0988,1.2524e-07
40,56,-7.1797,2.0081,-6.7719,0.1916,1.2529e-07
40,57,-7.1797,2.0081,-6.1662,1.8883,1.2455e-07
40,58,-7.1797,2.0081,-6.1615,0.78448,1.2446e-07
40,59,-7.1797,2.0081,-5.6626,1.5697,1.2435e-07
40,60,-7.1797,2.0081,-6.1383,2.5785,1.2481e-07
40,61,-7.1797,2.0081,-6.4417,0.10916,1.254e-07
40,62,-7.1797,2.0081,-6.4612,2.9936,1.2534e-07
40,63,-7.1797,2.0081,-6.8065,2.9372,1.2535e-07
40,64,-7.1797,2.0081,-6.7499,0.36746,1.2527e-07
41,42,-6.7558,0.071307,-7.0942,2.5105,1.5353e-07
41,43,-6.7558,0.071307,-6.008,1.3141,1.3771e-07
41,44,-6.7558,0.071307,-5.9648,1.7855,1.3761e-07
41,45,-6.7558,0.071307,-6.5568,0.70734,1.4367e-07
41,46,-6.7558,0.071307,-6.4919,3.1112,1.4376e-07
41,47,-6.7558,0.071307,-6.0823,2.6445,1.4337e-07
41,48,-6.7558,0.071307,-6.0779,0.47574,1.4323e-07
41,49,-6.7558,0.071307,-6.5641,0.25413,1.3941e-07
41,50,-6.7558,0.071307,-6.5411,1.3214,1.3941e-07
41,51,-6.7558,0.071307,-6.2728,0.78381,1.412e-07
41,52,-6.7558,0.071307,-6.3483,2.1461,1.4114e-07
41,53,-6.7558,0.071307,-6.3853,1.3995,1.3943e-07
41,54,-6.7558,0.071307,-6.4686,1.6651,1.3942e-07
41,55,-6.7558,0.071307,-6.8323,3.0988,1.4007e-07
41,56,-6.7558,0.071307,-6.7719,0.1916,1.4004e-07
41,57,-6.7558,0.071307,-6.1662,1.8883,1.4047e-07
41,58,-6.7558,0.071307,-6.1615,0.78448,1.4052e-07
41,59,-6.7558,0.071307,-5.6626,1.5697,1.3921e-07
41,60,-6.7558,0.071307,-6.1383,2.5785,1.3885e-07
41,61,-6.7558,0.071307,-6.4417,0.10916,1.4052e-07
41,62,-6.7558,0.071307,-6.4612,2.9936,1.4056e-07
41,63,-6.7558,0.071307,-6.8065,2.9372,1.403e-07
41,64,-6.7558,0.071307,-6.7499,0.36746,1.4035e-07
42,43,-7.0942,2.5105,-6.008,1.3141,1.3698e-07
42,44,-7.0942,2.5105,-5.9648,1.7855,1.3719e-07
42,45,-7.0942,2.5105,-6.5568,0.70734,1.437e-07
42,46,-7.0942,2.5105,-6.4919,3.1112,1.435e-07
42,47,-7.0942,2.5105,-6.0823,2.6445,1.4369e-07
42,48,-7.0942,2.5105,-6.0779,0.47574,1.4366e-07
42,49,-7.0942,2.5105,-6.5641,0.25413,1.3902e-07
42,50,-7.0942,2.5105,-6.5411,1.3214,1.3911e-07
42,51,-7.0942,2.5105,-6.2728,0.78381,1.411e-07
42,52,-7.0942,2.5105,-6.3483,2.1461,1.4107e-07
42,53,-7.0942,2.5105,-6.3853,1.3995,1.3957e-07
42,54,-7.0942,2.5105,-6.4686,1.6651,1.396e-07
42,55,-7.0942,2.5105,-6.8323,3.0988,1.4011e-07
42,56,-7.0942,2.5105,-6.7719,0.1916,1.4014e-07
42,57,-7.0942,2.5105,-6.1662,1.8883,1.4046e-07
42,58,-7.0942,2.5105,-6.1615,0.78448,1.405e-07
42,59,-7.0942,2.5105,-5.6626,1.5697,1.393e-07
42,60,-7.0942,2.5105,-6.1383,2.5785,1.3925e-07
42,61,-7.0942,2.5105,-6.4417,0.10916,1.4027e-07
42,62,-7.0942,2.5105,-6.4612,2.9936,1.4026e-07
42,63,-7.0942,2.5105,-6.8065,2.9372,1.4028e-07
42,64,-7.0942,2.5105,-6.7499,0.36746,1.402e-07
43,44,-6.008,1.3141,-5.9648,1.7855,9.8078e-08
43,45,-6.008,1.3141,-6.5568,0.70734,1.3084e-07
43,46,-6.008,1.3141,-6.4919,3.1112,1.2677e-07
43,47,-6.008,1.3141,-6.0823,2.6445,1.214e-07
43,48,-6.008,1.3141,-6.0779,0.47574,1.1984e-07
43,49,-6.008,1.3141,-6.5641,0.25413,1.2166e-07
43,50,-6.008,1.3141,-6.5411,1.3214,1.2194e-07
43,51,-6.008,1.3141,-6.2728,0.78381,1.3336e-07
43,52,-6.008,1.3141,-6.3483,2.1461,1.3274e-07
43,53,-6.008,1.3141,-6.3853,1.3995,1.3343e-07
43,54,-6.008,1.3141,-6.4686,1.6651,1.3326e-07
43,55,-6.008,1.3141,-6.8323,3.0988,1.2484e-07
43,56,-6.008,1.3141,-6.7719,0.1916,1.2498e-07
43,57,-6.008,1.3141,-6.1662,1.8883,1.3346e-07
43,58,-6.008,1.3141,-6.1615,0.78448,1.3449e-07
43,59,-6.008,1.3141,-5.6626,1.5697,1.1827e-07
43,60,-6.008,1.3141,-6.1383,2.5785,1.1843e-07
43,61,-6.008,1.3141,-6.4417,0.10916,1.2424e-07
43,62,-6.008,1.3141,-6.4612,2.9936,1.2403e-07
43,63,-6.008,1.3141,-6.8065,2.9372,1.2579e-07
43,64,-6.008,1.3141,-6.7499,0.36746,1.2553e-07
44,45,-5.9648,1.7855,-6.5568,0.70734,1.311e-07
44,46,-5.9648,1.7855,-6.4919,3.1112,1.2736e-07
44,47,-5.9648,1.7855,-6.0823,2.6445,1.1944e-07
44,48,-5.9648,1.7855,-6.0779,0.47574,1.1721e-07
44,49,-5.9648,1.7855,-6.5641,0.25413,1.2257e-07
44,50,-5.9648,1.7855,-6.5411,1.3214,1.2262e-07
44,51,-5.9648,1.7855,-6.2728,0.78381,1.3488e-07
44,52,-5.9648,1.7855,-6.3483,2.1461,1.3405e-07
44,53,-5.9648,1.7855,-6.3853,1.3995,1.3429e-07
44,54,-5.9648,1.7855,-6.4686,1.6651,1.3406e-07
44,55,-5.9648,1.7855,-6.8323,3.0988,1.2472e-07
44,56,-5.9648,1.7855,-6.7719,0.1916,1.2469e-07
44,57,-5.9648,1.7855,-6.1662,1.8883,1.3472e-07
44,58,-5.9648,1.7855,-6.1615,0.78448,1.3597e-07
44,59,-5.9648,1.7855,-5.6626,1.5697,1.1723e-07
44,60,-5.9648,1.7855,-6.1383,2.5785,1.1639e-07
44,61,-5.9648,1.7855,-6.4417,0.10916,1.249e-07
44,62,-5.9648,1.7855,-6.4612,2.9936,1.2479e-07
44,63,-5.9648,1.7855,-6.8065,2.9372,1.2593e-07
44,64,-5.9648,1.7855,-6.7499,0.36746,1.2605e-07
45,46,-6.5568,0.70734,-6.4919,3.1112,1.3457e-07
45,47,-6.5568,0.70734,-6.0823,2.6445,1.3442e-07
45,48,-6.5568,0.70734,-6.0779,0.47574,1.3452e-07
45,49,-6.5568,0.70734,-6.5641,0.25413,1.3039e-07
45,50,-6.5568,0.70734,-6.5411,1.3214,1.3025e-07
45,51,-6.5568,0.70734,-6.2728,0.78381,1.3047e-07
45,52,-6.5568,0.70734,-6.3483,2.1461,1.3053e-07
45,53,-6.5568,0.70734,-6.3853,1.3995,1.2891e-07
45,54,-6.5568,0.70734,-6.4686,1.6651,1.289e-07
45,55,-6.5568,0.70734,-6.8323,3.0988,1.3057e-07
45,56,-6.5568,0.70734,-6.7719,0.1916,1.305e-07
45,57,-6.5568,0.70734,-6.1662,1.8883,1.2969e-07
45,58,-6.5568,0.70734,-6.1615,0.78448,1.2958e-07
45,59,-6.5568,0.70734,-5.6626,1.5697,1.2982e-07
45,60,-6.5568,0.70734,-6.1383,2.5785,1.2968e-07
45,61,-6.5568,0.70734,-6.4417,0.10916,1.3128e-07
45,62,-6.5568,0.70734,-6.4612,2.9936,1.3132e-07
45,63,-6.5568,0.70734,-6.8065,2.9372,1.3076e-07
45,64,-6.5568,0.70734,-6.7499,0.36746,1.3091e-07
46,47,-6.4919,3.1112,-6.0823,2.6445,1.3252e-07
46,48,-6.4919,3.1112,-6.0779,0.47574,1.3226e-07
46,49,-6.4919,3.1112,-6.5641,0.25413,1.3079e-07
46,50,-6.4919,3.1112,-6.5411,1.3214,1.3063e-07
46,51,-6.4919,3.1112,-6.2728,0.78381,1.3228e-07
46,52,-6.4919,3.1112,-6.3483,2.1461,1.3224e-07
46,53,-6.4919,3.1112,-6.3853,1.3995,1.305e-07
46,54,-6.4919,3.1112,-6.4686,1.6651,1.3048e-07
46,55,-6.4919,3.1112,-6.8323,3.0988,1.3057e-07
46,56,-6.4919,3.1112,-6.7719,0.1916,1.3051e-07
46,57,-6.4919,3.1112,-6.1662,1.8883,1.313e-07
46,58,-6.4919,3.1112,-6.1615,0.78448,1.3134e-07
46,59,-6.4919,3.1112,-5.6626,1.5697,1.2854e-07
46,60,-6.4919,3.1112,-6.1383,2.5785,1.277e-07
46,61,-6.4919,3.1112,-6.4417,0.10916,1.3167e-07
46,62,-6.4919,3.1112,-6.4612,2.9936,1.3157e-07
46,63,-6.4919,3.1112,-6.8065,2.9372,1.3089e-07
46,64,-6.4919,3.1112,-6.7499,0.36746,1.3111e-07
47,48,-6.0823,2.6445,-6.0779,0.47574,1.3596e-07
47,49,-6.0823,2.6445,-6.5641,0.25413,1.2603e-07
47,50,-6.0823,2.6445,-6.5411,1.3214,1.266e-07
47,51,-6.0823,2.6445,-6.2728,0.78381,1.3149e-07
47,52,-6.0823,2.6445,-6.3483,2.1461,1.3155e-07
47,53,-6.0823,2.6445,-6.3853,1.3995,1.3283e-07
47,54,-6.0823,2.6445,-6.4686,1.6651,1.3287e-07
47,55,-6.0823,2.6445,-6.8323,3.0988,1.3092e-07
47,56,-6.0823,2.6445,-6.7719,0.1916,1.313e-07
47,57,-6.0823,2.6445,-6.1662,1.8883,1.3211e-07
47,58,-6.0823,2.6445,-6.1615,0.78448,1.3231e-07
47,59,-6.0823,2.6445,-5.6626,1.5697,1.292e-07
47,60,-6.0823,2.6445,-6.1383,2.5785,1.3239e-07
47,61,-6.0823,2.6445,-6.4417,0.10916,1.2867e-07
47,62,-6.0823,2.6445,-6.4612,2.9936,1.285e-07
47,63,-6.0823,2.6445,-6.8065,2.9372,1.3101e-07
47,64,-6.0823,2.6445,-6.7499,0.36746,1.3014e-07
48,49,-6.0779,0.47574,-6.5641,0.25413,1.2664e-07
48,50,-6.0779,0.47574,-6.5411,1.3214,1.2707e-07
48,51,-6.0779,0.47574,-6.2728,0.78381,1.3141e-07
48,52,-6.0779,0.47574,-6.3483,2.1461,1.3143e-07
48,53,-6.0779,0.47574,-6.3853,1.3995,1.3217e-07
48,54,-6.0779,0.47574,-6.4686,1.6651,1.3218e-07
48,55,-6.0779,0.47574,-6.8323,3.0988,1.3078e-07
48,56,-6.0779,0.47574,-6.7719,0.1916,1.3105e-07
48,57,-6.0779,0.47574,-6.1662,1.8883,1.3186e-07
48,58,-6.0779,0.47574,-6.1615,0.78448,1.3205e-07
48,59,-6.0779,0.47574,-5.6626,1.5697,1.2935e-07
48,60,-6.0779,0.47574,-6.1383,2.5785,1.3192e-07
48,61,-6.0779,0.47574,-6.4417,0.10916,1.29e-07
48,62,-6.0779,0.47574,-6.4612,2.9936,1.2895e-07
48,63,-6.0779,0.47574,-6.8065,2.9372,1.3093e-07
48,64,-6.0779,0.47574,-6.7499,0.36746,1.3029e-07
49,50,-6.5641,0.25413,-6.5411,1.3214,1.2679e-07
49,51,-6.5641,0.25413,-6.2728,0.78381,1.2872e-07
49,52,-6.5641,0.25413,-6.3483,2.1461,1.2863e-07
49,53,-6.5641,0.25413,-6.3853,1.3995,1.2647e-07
49,54,-6.5641,0.25413,-6.4686,1.6651,1.2646e-07
49,55,-6.5641,0.25413,-6.8323,3.0988,1.2613e-07
49,56,-6.5641,0.25413,-6.7719,0.1916,1.2604e-07
49,57,-6.5641,0.25413,-6.1662,1.8883,1.2748e-07
49,58,-6.5641,0.25413,-6.1615,0.78448,1.2755e-07
49,59,-6.5641,0.25413,-5.6626,1.5697,1.2363e-07
49,60,-6.5641,0.25413,-6.1383,2.5785,1.2205e-07
49,61,-6.5641,0.25413,-6.4417,0.10916,1.277e-07
49,62,-6.5641,0.25413,-6.4612,2.9936,1.2754e-07
49,63,-6.5641,0.25413,-6.8065,2.9372,1.2651e-07
49,64,-6.5641,0.25413,-6.7499,0.36746,1.2683e-07
50,51,-6.5411,1.3214,-6.2728,0.78381,1.2896e-07
50,52,-6.5411,1.3214,-6.3483,2.1461,1.2883e-07
50,53,-6.5411,1.3214,-6.3853,1.3995,1.2661e-07
50,54,-6.5411,1.3214,-6.4686,1.6651,1.2655e-07
50,55,-6.5411,1.3214,-6.8323,3.0988,1.2612e-07
50,56,-6.5411,1.3214,-6.7719,0.1916,1.2598e-07
50,57,-6.5411,1.3214,-6.1662,1.8883,1.2768e-07
50,58,-6.5411,1.3214,-6.1615,0.78448,1.2779e-07
50,59,-6.5411,1.3214,-5.6626,1.5697,1.2339e-07
50,60,-6.5411,1.3214,-6.1383,2.5785,1.2162e-07
50,61,-6.5411,1.3214,-6.4417,0.10916,1.2791e-07
50,62,-6.5411,1.3214,-6.4612,2.9936,1.278e-07
50,63,-6.5411,1.3214,-6.8065,2.9372,1.2658e-07
50,64,-6.5411,1.3214,-6.7499,0.36746,1.2702e-07
51,52,-6.2728,0.78381,-6.3483,2.1461,1.2724e-07
51,53,-6.2728,0.78381,-6.3853,1.3995,1.2417e-07
51,54,-6.2728,0.78381,-6.4686,1.6651,1.2424e-07
51,55,-6.2728,0.78381,-6.8323,3.0988,1.2745e-07
51,56,-6.2728,0.78381,-6.7719,0.1916,1.2733e-07
51,57,-6.2728,0.78381,-6.1662,1.8883,1.2564e-07
51,58,-6.2728,0.78381,-6.1615,0.78448,1.2534e-07
51,59,-6.2728,0.78381,-5.6626,1.5697,1.2753e-07
51,60,-6.2728,0.78381,-6.1383,2.5785,1.2591e-07
51,61,-6.2728,0.78381,-6.4417,0.10916,1.2913e-07
51,62,-6.2728,0.78381,-6.4612,2.9936,1.2908e-07
51,63,-6.2728,0.78381,-6.8065,2.9372,1.275e-07
51,64,-6.2728,0.78381,-6.7499,0.36746,1.2783e-07
52,53,-6.3483,2.1461,-6.3853,1.3995,1.2389e-07
52,54,-6.3483,2.1461,-6.4686,1.6651,1.2394e-07
52,55,-6.3483,2.1461,-6.8323,3.0988,1.2738e-07
52,56,-6.3483,2.1461,-6.7719,0.1916,1.2722e-07
52,57,-6.3483,2.1461,-6.1662,1.8883,1.2554e-07
52,58,-6.3483,2.1461,-6.1615,0.78448,1.2524e-07
52,59,-6.3483,2.1461,-5.6626,1.5697,1.2764e-07
52,60,-6.3483,2.1461,-6.1383,2.5785,1.2584e-07
52,61,-6.3483,2.1461,-6.4417,0.10916,1.2918e-07
52,62,-6.3483,2.1461,-6.4612,2.9936,1.2921e-07
52,63,-6.3483,2.1461,-6.8065,2.9372,1.2746e-07
52,64,-6.3483,2.1461,-6.7499,0.36746,1.2787e-07
53,54,-6.3853,1.3995,-6.4686,1.6651,1.2212e-07
53,55,-6.3853,1.3995,-6.8323,3.0988,1.263e-07
53,56,-6.3853,1.3995,-6.7719,0.1916,1.2629e-07
53,57,-6.3853,1.3995,-6.1662,1.8883,1.228e-07
53,58,-6.3853,1.3995,-6.1615,0.78448,1.2231e-07
53,59,-6.3853,1.3995,-5.6626,1.5697,1.2701e-07
53,60,-6.3853,1.3995,-6.1383,2.5785,1.2693e-07
53,61,-6.3853,1.3995,-6.4417,0.10916,1.2717e-07
53,62,-6.3853,1.3995,-6.4612,2.9936,1.2711e-07
53,63,-6.3853,1.3995,-6.8065,2.9372,1.2617e-07
53,64,-6.3853,1.3995,-6.7499,0.36746,1.2625e-07
54,55,-6.4686,1.6651,-6.8323,3.0988,1.2629e-07
54,56,-6.4686,1.6651,-6.7719,0.1916,1.2626e-07
54,57,-6.4686,1.6651,-6.1662,1.8883,1.2283e-07
54,58,-6.4686,1.6651,-6.1615,0.78448,1.2237e-07
54,59,-6.4686,1.6651,-5.6626,1.5697,1.27e-07
54,60,-6.4686,1.6651,-6.1383,2.5785,1.2695e-07
54,61,-6.4686,1.6651,-6.4417,0.10916,1.2717e-07
54,62,-6.4686,1.6651,-6.4612,2.9936,1.2714e-07
54,63,-6.4686,1.6651,-6.8065,2.9372,1.2619e-07
54,64,-6.4686,1.6651,-6.7499,0.36746,1.263e-07
55,56,-6.8323,3.0988,-6.7719,0.1916,1.2721e-07
55,57,-6.8323,3.0988,-6.1662,1.8883,1.2661e-07
55,58,-6.8323,3.0988,-6.1615,0.78448,1.2651e-07
55,59,-6.8323,3.0988,-5.6626,1.5697,1.2606e-07
55,60,-6.8323,3.0988,-6.1383,2.5785,1.2653e-07
55,61,-6.8323,3.0988,-6.4417,0.10916,1.2723e-07
55,62,-6.8323,3.0988,-6.4612,2.9936,1.2711e-07
55,63,-6.8323,3.0988,-6.8065,2.9372,1.2722e-07
55,64,-6.8323,3.0988,-6.7499,0.36746,1.2708e-07
56,57,-6.7719,0.1916,-6.1662,1.8883,1.2674e-07
56,58,-6.7719,0.1916,-6.1615,0.78448,1.2668e-07
56,59,-6.7719,0.1916,-5.6626,1.5697,1.2597e-07
56,60,-6.7719,0.1916,-6.1383,2.5785,1.2629e-07
56,61,-6.7719,0.1916,-6.4417,0.10916,1.2732e-07
56,62,-6.7719,0.1916,-6.4612,2.9936,1.2726e-07
56,63,-6.7719,0.1916,-6.8065,2.9372,1.2723e-07
56,64,-6.7719,0.1916,-6.7499,0.36746,1.2718e-07
57,58,-6.1662,1.8883,-6.1615,0.78448,1.2364e-07
57,59,-6.1662,1.8883,-5.6626,1.5697,1.278e-07
57,60,-6.1662,1.8883,-6.1383,2.5785,1.2671e-07
57,61,-6.1662,1.8883,-6.4417,0.10916,1.2812e-07
57,62,-6.1662,1.8883,-6.4612,2.9936,1.283e-07
57,63,-6.1662,1.8883,-6.8065,2.9372,1.2677e-07
57,64,-6.1662,1.8883,-6.7499,0.36746,1.2713e-07
58,59,-6.1615,0.78448,-5.6626,1.5697,1.2756e-07
58,60,-6.1615,0.78448,-6.1383,2.5785,1.2657e-07
58,61,-6.1615,0.78448,-6.4417,0.10916,1.2809e-07
58,62,-6.1615,0.78448,-6.4612,2.9936,1.2819e-07
58,63,-6.1615,0.78448,-6.8065,2.9372,1.2681e-07
58,64,-6.1615,0.78448,-6.7499,0.36746,1.2711e-07
59,60,-5.6626,1.5697,-6.1383,2.5785,1.2554e-07
59,61,-5.6626,1.5697,-6.4417,0.10916,1.2529e-07
59,62,-5.6626,1.5697,-6.4612,2.9936,1.2539e-07
59,63,-5.6626,1.5697,-6.8065,2.9372,1.2626e-07
59,64,-5.6626,1.5697,-6.7499,0.36746,1.2603e-07
60,61,-6.1383,2.5785,-6.4417,0.10916,1.2385e-07
60,62,-6.1383,2.5785,-6.4612,2.9936,1.2383e-07
60,63,-6.1383,2.5785,-6.8065,2.9372,1.2647e-07
60,64,-6.1383,2.5785,-6.7499,0.36746,1.256e-07
61,62,-6.4417,0.10916,-6.4612,2.9936,1.2862e-07
61,63,-6.4417,0.10916,-6.8065,2.9372,1.2766e-07
61,64,-6.4417,0.10916,-6.7499,0.36746,1.2803e-07
62,63,-6.4612,2.9936,-6.8065,2.9372,1.2767e-07
62,64,-6.4612,2.9936,-6.7499,0.36746,1.2797e-07
63,64,-6.8065,2.9372,-6.7499,0.36746,1.277e-07
